Centeral Upper Nile,Akoka,Akoka,Akoka,11
Centeral Upper Nile,Akoka,Akoka,Bienythiang,11
Centeral Upper Nile,Akoka,Akudueng,Bai Chan,11
Centeral Upper Nile,Akoka,Akudueng,Loier,11
Centeral Upper Nile,Akoka,Rom,Riangnum,11
Centeral Upper Nile,Akoka,Rom,Rom,11
Centeral Upper Nile,Baliet,Abwong,Abwong,11
Centeral Upper Nile,Baliet,Abwong,Wunbut,11
Centeral Upper Nile,Baliet,Adong,Dakjur,11
Centeral Upper Nile,Baliet,Gel Achiel,Wunthow,11
Centeral Upper Nile,Baliet,Kuel,Miareng,11
Centeral Upper Nile,Baliet,Nyongkuach,Pagak,11
Centeral Upper Nile,Baliet,Nyongkuach,Riangnum,11
Centeral Upper Nile,Baliet,Nyongrial,Banglei,11
Centeral Upper Nile,Baliet,Rom,Rom Centre,11
Centeral Upper Nile,Baliet,Wunthow,Majak,11
Centeral Upper Nile,Malakal,Central Malakal,Central Malakal Boma,11
Centeral Upper Nile,Malakal,Central Malakal,Ray El-Mesiri,11
Centeral Upper Nile,Malakal,Central Malakal,Ray El-Mesiri,11
Centeral Upper Nile,Malakal,Lelo,Makal,11
Centeral Upper Nile,Malakal,Lelo,Obwa,11
Centeral Upper Nile,Malakal,Lelo,Obwa,11
Centeral Upper Nile,Malakal,Northern Malakal,Elbesery,11
Centeral Upper Nile,Malakal,Northern Malakal,Elbesery,11
Centeral Upper Nile,Malakal,Northern Malakal,Hai Matar,11
Centeral Upper Nile,Malakal,Northern Malakal,Hai Matar,11
Centeral Upper Nile,Malakal,Ogot,Ogot,11
Centeral Upper Nile,Malakal,Ogot,Wau,11
Centeral Upper Nile,Malakal,Southern Malakal,Assosa,11
Centeral Upper Nile,Malakal,Southern Malakal,Assosa,11
Centeral Upper Nile,Malakal,Warajwok,Warajwok,11
Centeral Upper Nile,Panyikang,Dheteim,Duh,11
Centeral Upper Nile,Panyikang,Dheteim,Thuor,11
Centeral Upper Nile,Panyikang,Pakang,Abujop,11
Centeral Upper Nile,Panyikang,Panyidwoi,Obel,11
Centeral Upper Nile,Panyikang,Panyidwoi,Obel,11
Centeral Upper Nile,Panyikang,Panyidwoi,Pajou,11
Centeral Upper Nile,Panyikang,Panyidwoi,Pathuor,11
Centeral Upper Nile,Panyikang,Panyikang,Odwoc,11
Centeral Upper Nile,Panyikang,Panyikang,Pakan,11
Centeral Upper Nile,Panyikang,Panyikang,Pakan,11
Centeral Upper Nile,Panyikang,Tonga,Atiego,11
Centeral Upper Nile,Panyikang,Tonga,Atiego,11
Centeral Upper Nile,Panyikang,Tonga,Tonga,11
Centeral Upper Nile,Pigi,Alam,Alam,11
Centeral Upper Nile,Pigi,Atar,Atar School,11
Centeral Upper Nile,Pigi,Atar,Atar School,11
Centeral Upper Nile,Pigi,Atar,Chuei Ardeb Thaar,11
Centeral Upper Nile,Pigi,Atar,Dengluat,11
Centeral Upper Nile,Pigi,Atar,Wun Kiir,11
Centeral Upper Nile,Pigi,Atar,Wun Kiir,11
Centeral Upper Nile,Pigi,Atar,Wun Kiir,11
Centeral Upper Nile,Pigi,Kaldak,Piji,11
Centeral Upper Nile,Pigi,Khorwach,Cuai,11
Centeral Upper Nile,Pigi,Mareng,Gokjack,11
Centeral Upper Nile,Pigi,Wunlem,Wunlem,11
Fashoda,Fashoda,Dethok,Abienyay,11
Fashoda,Fashoda,Dethok,Achak,11
Fashoda,Fashoda,Dethok,Pabiw,11
Fashoda,Fashoda,Dethok,Pabiw,11
Fashoda,Fashoda,Dethok,Pabiw,11
Fashoda,Fashoda,Kodok,Gulbany,11
Fashoda,Fashoda,Kodok,Kodok Town,11
Fashoda,Fashoda,Kodok,Kodok Town,11
Fashoda,Fashoda,Kodok,Nyigir,11
Fashoda,Fashoda,Kodok Town,Debor,11
Fashoda,Fashoda,Kodok Town,Hai Alsalam,11
Fashoda,Fashoda,Lul,Buol,11
Fashoda,Fashoda,Lul,Fashoda,11
Fashoda,Fashoda,Lul,Fashoda,11
Fashoda,Fashoda,Lul,Fashoda,11
Fashoda,Fashoda,Lul,Fashoda,11
Fashoda,Manyo,Adhidwoi,Athidwoi,11
Fashoda,Manyo,Adhidwoi,Athidwoi,11
Fashoda,Manyo,Adhidwoi,Athidwoi,11
Fashoda,Manyo,Adhidwoi,Kuoch,11
Fashoda,Manyo,Kaka,Aderi,11
Fashoda,Manyo,Kaka,Kaka,11
Fashoda,Manyo,Kaka,Thorguang,11
Fashoda,Manyo,Kaka,Thorguang,11
Fashoda,Manyo,Kwoj,Delal Ajak,11
Fashoda,Manyo,Kwoj,Noon,11
Fashoda,Manyo,Magenist,Kidguang,11
Fashoda,Manyo,Wadakona,Manam,11
Fashoda,Manyo,Wadakona,Wadakona,11
Fashoda,Manyo,Wedakona,Ayat,11
Fashoda,manyo,Wedakona,Ayat,11
Fashoda,Manyo,Wedakona,Bushara,11
Fashoda,Manyo,Wedakona,Garang,11
Fashoda,Manyo,Wedakona,Garang,11
Fashoda,Manyo,Wedakona,Kuek,11
Fashoda,Manyo,Wedakona,Kuek,11
Fashoda,Manyo,Wedakona,Kuek,11
Fashoda,Manyo,Wedakona,Ommar,11
Latjoor,Luakpiny/Nasir,Dingkar,Dingkar,11
Latjoor,Luakpiny/Nasir,Dingkar,Lualeyaak,11
Latjoor,Luakpiny/Nasir,Jikmir,Jikmir,11
Latjoor,Luakpiny/Nasir,Jikmir,Jikmir,11
Latjoor,Luakpiny/Nasir,Kiech Kuon,Kiech Kuon,11
Latjoor,Luakpiny/Nasir,Kiech Kuon,Kiech Two,11
Latjoor,Luakpiny/Nasir,Kiech Kuon,Koat,11
Latjoor,Luakpiny/Nasir,Kiech Kuon,Lonylok,11
Latjoor,Luakpiny/Nasir,Kiech Kuon,Lonylok,11
Latjoor,Luakpiny/Nasir,Kiech Kuon,Lonylok,11
Latjoor,Luakpiny/Nasir,Kiech Kuon,Lonylok,11
Latjoor,Luakpiny/Nasir,Kiech Kuon,Lonylok,11
Latjoor,Luakpiny/Nasir,Kuerenge-ke,Torjuoc,11
Latjoor,Luakpiny/Nasir,Kuerenge-ke,Torjuoc,11
Latjoor,Luakpiny/Nasir,Kuerenge-ke,Torjuoc,11
Latjoor,Luakpiny/Nasir,Kuerenge-ke,Torjuoc,11
Latjoor,Luakpiny/Nasir,Mading,Boreel,11
Latjoor,Luakpiny/Nasir,Maker,Gur Nyang,11
Latjoor,Luakpiny/Nasir,Maker,Maker,11
Latjoor,Luakpiny/Nasir,Nasir,Torjuoc,11
Latjoor,Luakpiny/Nasir,Nasir,Torjuoc,11
Latjoor,Luakpiny/Nasir,Roam,Luak-wien,11
Latjoor,Luakpiny/Nasir,Roam,Luak-wien,11
Latjoor,Luakpiny/Nasir,Roam,Luak-wien,11
Latjoor,Ulang,Doma,Parial,11
Latjoor,Ulang,Doma,Riang,11
Latjoor,Ulang,Doma,Riang,11
Latjoor,Ulang,Kurmuot,Kuich,11
Latjoor,Ulang,Ulang,Bul Buong,11
Latjoor,Ulang,Ulang,Ying,11
Latjoor,Ulang,Yomding,Rup-Buot,11
Latjoor,Ulang,Yomding,Rup-Buot,11
Latjoor,Ulang,Yomding,Rup-Buot,11
Maiwut,Longochuk,Dajo,Dajo,11
Maiwut,Longochuk,Dajo,Dajo,11
Maiwut,Longochuk,Dajo,Dajo,11
Maiwut,Longochuk,Dajo,Dajo,11
Maiwut,Longochuk,Guelguk,Mangok,11
Maiwut,Longochuk,Guelguk,Mangok,11
Maiwut,Longochuk,Guelguk,Mangok,11
Maiwut,Longochuk,Guelguk,Mangok,11
Maiwut,Longochuk,Guelguk,Mangok,11
Maiwut,Longochuk,Longochuk,Jangok,11
Maiwut,Longochuk,Malual,Tichak,11
Maiwut,Longochuk,Pamach,Pamach,11
Maiwut,Longochuk,Pamach,Tichak,11
Maiwut,Longochuk,Wudier,Kiergaw,11
Maiwut,Longochuk,Wudier,Kiergaw,11
Maiwut,Maiwut,Jekow,Oriang,11
Maiwut,Maiwut,Jekow,Turuw,11
Maiwut,Maiwut,Jotome,Wunkir,11
Maiwut,Maiwut,Jotome,Wunkir,11
Maiwut,Maiwut,Kigile,Abajabe,11
Maiwut,Maiwut,Kigile,Abajabe,11
Maiwut,Maiwut,Maiwut,Kulang,11
Maiwut,Maiwut,Olang,Oleng,11
Maiwut,Maiwut,Olang,Oleng,11
Maiwut,Maiwut,Pagak,Yuayding,11
Maiwut,Maiwut,Pagak,Yuayding,11
Northern Upper Nile,Maban,Banashowa,Banashowa,11
Northern Upper Nile,Maban,Banashowa,Dangeji,11
Northern Upper Nile,Maban,Banashowa,Dangeji,11
Northern Upper Nile,Maban,Banashowa,Liang,11
Northern Upper Nile,Maban,Boung,Boung,11
Northern Upper Nile,Maban,Boung,Boung,11
Northern Upper Nile,Maban,Boung,Boung,11
Northern Upper Nile,Maban,Boung,Boung,11
Northern Upper Nile,Maban,Boung,Boung,11
Northern Upper Nile,Maban,Boung,Boung,11
Northern Upper Nile,Maban,Boung,Boung,11
Northern Upper Nile,Maban,Boung,Boung,11
Northern Upper Nile,Maban,Jinkuata,Kuunyjuria,11
Northern Upper Nile,Maban,Jinkuata,Kuunyjuria,11
Northern Upper Nile,Maban,Jinkuata,Kuunyjuria,11
Northern Upper Nile,Maban,Jinmakda,Jamam,11
Northern Upper Nile,Maban,Jinmakda,Jamam,11
Northern Upper Nile,Maban,Jinmakda,Jamam,11
Northern Upper Nile,Maban,Jinmakda,Jamam,11
Northern Upper Nile,Maban,Khor El Amer,Dhuma,11
Northern Upper Nile,Maban,Khor El Amer,Yiellen,11
Northern Upper Nile,Maban,Khor El Amer,Yiellen,11
Northern Upper Nile,Maban,Khor El Amer,Yiellen,11
Northern Upper Nile,Melut,Bimachuk,Parag,11
Northern Upper Nile,Melut,Bimachuk,Parag,11
Northern Upper Nile,Melut,Galdora,Galdora,11
Northern Upper Nile,Melut,Galdora,Thieng Rial,11
Northern Upper Nile,Melut,Melut,Torkuach,11
Northern Upper Nile,Melut,Melut,Torkuach,11
Northern Upper Nile,Melut,Paloch,Paloch,11
Northern Upper Nile,Melut,Panomdit,Malek,11
Northern Upper Nile,Melut,Wunamum,Agordiit,11
Northern Upper Nile,Renk,Chemmedi,Chemmedi,11
Northern Upper Nile,Renk,Chemmedi,Labior,11
Northern Upper Nile,Renk,Geger,Gerbena,11
Northern Upper Nile,Renk,Geger,Gerbena,11
Northern Upper Nile,Renk,Geger,Gerbena,11
Northern Upper Nile,Renk,Geger,Gerbena,11
Northern Upper Nile,Renk,Geger,Gerger,11
Northern Upper Nile,Renk,Geger,Gerger,11
Northern Upper Nile,Renk,Geger,Gospamni,11
Northern Upper Nile,Renk,Geger,Kilo 15,11
Northern Upper Nile,Renk,Geger,Kilo Five,11
Northern Upper Nile,Renk,Geger,Wunthow,11
Northern Upper Nile,Renk,Geger,Wunthow,11
Northern Upper Nile,Renk,Geger,Wunthow,11
Northern Upper Nile,Renk,Geger,Wunthow,11
Northern Upper Nile,Renk,Geger,Wunthow,11
Northern Upper Nile,Renk,Jalhak,Awarpiny,11
Northern Upper Nile,Renk,Jalhak,Awarpiny,11
Northern Upper Nile,Renk,Jalhak,Jalhak Centre,11
Northern Upper Nile,Renk,Jalhak,Molbok,11
Northern Upper Nile,Renk,North Renk,Abukazer,11
Northern Upper Nile,Renk,North Renk,Hai-Theraya,11
Northern Upper Nile,Renk,North Renk,Hai-Theraya,11
Northern Upper Nile,Renk,North Renk,Kumshuer,11
Northern Upper Nile,Renk,North Renk,Kumshuer,11
Northern Upper Nile,Renk,North Renk,Kumshuer,11
Akobo,Akobo,Barmach,Wechjal,12
Akobo,Akobo,Bilkey,Okau,12
Akobo,Akobo,Bilkey,Old Akobo,12
Akobo,Akobo,Bilkey,Rine,12
Akobo,Akobo,Buong,Manguet,12
Akobo,Akobo,Dengjok,Gakdong,12
Akobo,Akobo,Dengjok,Nukta,12
Akobo,Akobo,Dengjok,Nukta,12
Akobo,Akobo,Dengjok,Nukta,12
Akobo,Akobo,Diror,Dik,12
Akobo,Akobo,Diror,Tangnyang,12
Akobo,Akobo,Nyandit,Chiban,12
Akobo,Akobo,Nyandit,Mer,12
Akobo,Akobo,Nyandit,Mer,12
Akobo,Akobo,Nyandit,Padida,12
Akobo,Akobo,Nyandit,Padida,12
Akobo,Akobo,Walgak,Walgak,12
Akobo,Akobo,Walgak,Walgak,12
Bieh,Nyirol,Chuil,Chuil,12
Bieh,Nyirol,Nyambor,Riang,12
Bieh,Nyirol,Nyambor,Riang,12
Bieh,Nyirol,Nyambor,Riang,12
Bieh,Nyirol,Pading,Boiloch,12
Bieh,Nyirol,Pading,Wenyal,12
Bieh,Nyirol,Pulturuk,Panyang,12
Bieh,Nyirol,Thol,Lankien,12
Bieh,Nyirol,Thol,Lankien,12
Bieh,Nyirol,Thol,Tut,12
Bieh,Nyirol,Thol,Tut,12
Bieh,Nyirol,Waat,Bourdit,12
Bieh,Nyirol,Waat,Bourdit,12
Bieh,Nyirol,Waat,Bourdit,12
Bieh,Uror,Karam,Karam,12
Bieh,Uror,Karam,Karam,12
Bieh,Uror,Karam,Patuak,12
Bieh,Uror,Motot,Motot,12
Bieh,Uror,Pathai,Kuerguarnyabiel,12
Bieh,Uror,Pathai,Pathai,12
Bieh,Uror,Payai,Payai,12
Bieh,Uror,Payai,Payai,12
Bieh,Uror,Pieri,Kueldhal,12
Bieh,Uror,Puolchuol,Weikey,12
Bieh,Uror,Tiam,Panyang,12
Bieh,Uror,Wuror,Kuerluot,12
Bieh,Uror,Wuror,Kuerluot,12
Bieh,Uror,Wuror,Uleng,12
Bieh,Uror,Wuror,Week,12
Boma,Pibor,Boma,Churi,12
Boma,Pibor,Boma,Churi,12
Boma,Pibor,Boma,Itti,12
Boma,Pibor,Boma,Itti,12
Boma,Pibor,Boma,Itti,12
Boma,Pibor,Boma,Jonglei,12
Boma,Pibor,Boma,Nyalangoro,12
Boma,Pibor,Boma,Nyat,12
Boma,Pibor,Boma,Orgin,12
Boma,Pibor,Boma,Orgin,12
Boma,Pibor,Gumuruk,Gumuruk Centre,12
Boma,Pibor,Kiziongora,Koradef,12
Boma,Pibor,Kiziongora,Kuruono,12
Boma,Pibor,Kiziongora,Kuruono,12
Boma,Pibor,Lekuangole,Dhalmany,12
Boma,Pibor,Lekuangole,Lekuangole,12
Boma,Pibor,Marow,Munyma,12
Boma,Pibor,Miwono,Mewun,12
Boma,Pibor,Pibor,Pibor,12
Boma,Pibor,Pibor,Pibor,12
Boma,Pibor,Pibor,Pibor,12
Boma,Pibor,Vertheth,Kelebeta,12
Boma,Pochalla,Adongo,Ajwara,12
Boma,Pochalla,Adongo,Ajwara,12
Boma,Pochalla,Adongo,Ajwara,12
Boma,Pochalla,Akiela,Okadi,12
Boma,Pochalla,Pochalla,Lokri,12
Boma,Pochalla,Pochalla,Lokri,12
Boma,Pochalla,Pochalla,Lokri,12
Boma,Pochalla,Pochalla,Lokri,12
Boma,Pochalla,Pochalla,Ojangbae,12
Fangak,Ayod,Ayod,Kalibalek,12
Fangak,Ayod,Ayod,Kuei,12
Fangak,Ayod,Kuach-deng,Biei,12
Fangak,Ayod,Kuach-deng,Biei,12
Fangak,Ayod,Kurwai,Haat,12
Fangak,Ayod,Kurwai,Haat,12
Fangak,Ayod,Kurwai,Matime,12
Fangak,Ayod,Kurwai,Matime,12
Fangak,Ayod,Kurwai,Wau 2,12
Fangak,Ayod,Mogok,Panyang,12
Fangak,Ayod,Mogok,Panyang,12
Fangak,Ayod,Mogok,Panyang,12
Fangak,Ayod,Mogok,Panyang,12
Fangak,Ayod,Pagil,Pagil,12
Fangak,Ayod,Pagil,Pagil,12
Fangak,Ayod,Pajiek,Keer,12
Fangak,Ayod,Pajiek,Nyawit,12
Fangak,Ayod,Pajiek,Pajiek,12
Fangak,Ayod,Pajiek,Yian,12
Fangak,Ayod,Pajiek,Yian,12
Fangak,Ayod,Pajiek,Yian,12
Fangak,Ayod,Pajiek,Yian,12
Fangak,Ayod,Wau,Wan Machar,12
Fangak,Ayod,Wau,Wau,12
Fangak,Ayod,Wau,Wau,12
Fangak,Fangak,Manajang,Juaibor,12
Fangak,Fangak,Manajang,Juaibor,12
Fangak,Fangak,Manajang,Juaibor,12
Fangak,Fangak,Manajang,Juaibor,12
Fangak,Fangak,Manajang,Juaibor,12
Fangak,Fangak,Manajang,Kuernyang,12
Fangak,Fangak,Manajang,Kuernyang,12
Fangak,Fangak,Mareang,Nyadin,12
Fangak,Fangak,Mareang,Nyadin,12
Fangak,Fangak,Mareang,Nyadin,12
Fangak,Fangak,Mareang,Toch,12
Fangak,Fangak,Mareang,Toch,12
Fangak,Fangak,Mareang,Toch,12
Fangak,Fangak,Old Fangak,Chotbara,12
Fangak,Fangak,Old Fangak,Chotbara,12
Fangak,Fangak,Old Fangak,Old Fangak,12
Fangak,Fangak,Old Fangak,Old Fangak,12
Fangak,Fangak,Paguer,Keew,12
Fangak,Fangak,Paguer,Kuerpon,12
Fangak,Fangak,Paguer,Thokchak,12
Fangak,Fangak,Paguer,Thokchak,12
Fangak,Fangak,Paguer,Thokchak,12
Fangak,Fangak,Paguer,Thokchak,12
Fangak,Fangak,Phom,Hai-monezemaat,12
Jonglei,Bor South,Anyidi,Chuei-magon,12
Jonglei,Bor South,Anyidi,Chuei-magon,12
Jonglei,Bor South,Anyidi,Mareng,12
Jonglei,Bor South,Anyidi,Thianwei,12
Jonglei,Bor South,Baidit,Makol-chuei,12
Jonglei,Bor South,Baidit,Makol-chuei,12
Jonglei,Bor South,Baidit,Manydeng,12
Jonglei,Bor South,Baidit,Mathiang,12
Jonglei,Bor South,Baidit,Mathiang,12
Jonglei,Bor South,Baidit,Tong,12
Jonglei,Bor South,Bor,Bor-town,12
Jonglei,Bor South,Bor,Gaak-yuom,12
Jonglei,Bor South,Bor,Jarwong,12
Jonglei,Bor South,Bor,Langbar,12
Jonglei,Bor South,Bor,Langbar,12
Jonglei,Bor South,Bor,Pakua,12
Jonglei,Bor South,Bor,Panapet,12
Jonglei,Bor South,Bor,Tuonygeau,12
Jonglei,Bor South,Jalle,Akuai-deng,12
Jonglei,Bor South,Jalle,Akuai-deng,12
Jonglei,Bor South,Jalle,Jalle,12
Jonglei,Bor South,Jalle,Jalle,12
Jonglei,Bor South,Jalle,Kolmarek,12
Jonglei,Bor South,Kolnyang,Chuei-keer,12
Jonglei,Bor South,Kolnyang,Kolnyang,12
Jonglei,Bor South,Kolnyang,Pariak,12
Jonglei,Bor South,Kolnyang,Pariak,12
Jonglei,Bor South,Kolnyang,Pariak,12
Jonglei,Bor South,Kolnyang,Pariak,12
Jonglei,Bor South,Kolnyang,Pariak,12
Jonglei,Bor South,Kolnyang,Pariak,12
Jonglei,Bor South,Kolnyang,Pariak,12
Jonglei,Bor South,Makuach,Kapat,12
Jonglei,Bor South,Makuach,Konbek,12
Jonglei,Bor South,Makuach,Makuach,12
Jonglei,Bor South,Makuach,Werkok,12
Jonglei,Bor South,Makuach,Werkok,12
Jonglei,Bor South,Makuach,Werkok,12
Jonglei,Duk,Ageer,Patuatnoi,12
Jonglei,Duk,Ageer,Poktap,12
Jonglei,Duk,Ageer,Poktap,12
Jonglei,Duk,Dongchak,Amiel,12
Jonglei,Duk,Dongchak,Amiel,12
Jonglei,Duk,Dongchak,Wunthor,12
Jonglei,Duk,Dongchak,Wunthor,12
Jonglei,Duk,Padiet,Padiet,12
Jonglei,Duk,Padiet,Padiet,12
Jonglei,Duk,Padiet,Padiet,12
Jonglei,Duk,Pagak,Pagak,12
Jonglei,Duk,Pagak,Pagak,12
Jonglei,Duk,Panyang,Pagaleng,12
Jonglei,Duk,Panyang,Pajut,12
Jonglei,Duk,Panyang,Pajut,12
Jonglei,Duk,Payuel,Mareng,12
Jonglei,Duk,Payuel,Mareng,12
Jonglei,Twic East,Ajuong,Paliau,12
Jonglei,Twic East,Kongor,Garalei,12
Jonglei,Twic East,Kongor,Pageer,12
Jonglei,Twic East,Kongor,Pawel,12
Jonglei,Twic East,Kongor,Pawel,12
Jonglei,Twic East,Lith,Kiir,12
Jonglei,Twic East,Lith,Mabior,12
Jonglei,Twic East,Lith,Mabior,12
Jonglei,Twic East,Nyuak,Baping,12
Jonglei,Twic East,Nyuak,Baping,12
Jonglei,Twic East,Nyuak,Lualajokbil,12
Jonglei,Twic East,Nyuak,Pongborong,12
Jonglei,Twic East,Nyuak,Wangulei,12
Jonglei,Twic East,Nyuak,Wangulei,12
Jonglei,Twic East,Pakeer,Maar,12
Jonglei,Twic East,Pakeer,Nyany,12
Jonglei,Twic East,Pakeer,Nyany,12
North Leich,Guit,Guit,Hai Kir,13
North Leich,Guit,Kedad,Wicruop,13
North Leich,Guit,Kuach,Kad,13
North Leich,Guit,Kuach,Kuach,13
North Leich,Guit,Kuach,Nying,13
North Leich,Guit,Kuerguini,Kuerguini,13
North Leich,Guit,Kuerguini,Kuerguini,13
North Leich,Guit,Kuerguini,Kuerguini,13
North Leich,Guit,Kuerguini,Thoan,13
North Leich,Guit,Niemni,Kuanyrow,13
North Leich,Guit,Niemni,Kuergeng,13
North Leich,Guit,Nyathoar,Dengbow,13
North Leich,Koch,Boaw,Bith,13
North Leich,Koch,Boaw,Boaw,13
North Leich,Koch,Boaw,Loang,13
North Leich,Koch,Gany,Gany,13
North Leich,Koch,Jaak,Rier,13
North Leich,Koch,Jaak,Rier,13
North Leich,Koch,Ngony,Mirmir,13
North Leich,Koch,Ngony,Nyony,13
North Leich,Koch,Norbor,Norbor,13
North Leich,Koch,Pakur,Buoth,13
North Leich,Koch,Pakur,Pakur,13
North Leich,Mayom,Bieh,Bieh,13
North Leich,Mayom,Kuerbone,Bouth,13
North Leich,Mayom,Kuerbone,Mayom,13
North Leich,Mayom,Kueryiek,Kueryiek,13
North Leich,Mayom,Mankien,Mankien,13
North Leich,Mayom,Mankien,Wanam,13
North Leich,Mayom,Ngop,Juom,13
North Leich,Mayom,Pup,Mathiang,13
North Leich,Mayom,Riak,Riak,13
North Leich,Mayom,Ruathnyibuol,Ruadhnyibol,13
North Leich,Mayom,Wanbuor,Turkey/Urach,13
North Leich,Mayom,Wangkei,Wangkei,13
North Leich,Rubkona,Bentiu PoC,Bentiu PoC,13
North Leich,Rubkona,Bentiu PoC,Bentiu PoC,13
North Leich,Rubkona,Bentiu PoC,Bentiu PoC,13
North Leich,Rubkona,Bentiu PoC,Bentiu PoC,13
North Leich,Rubkona,Bentiu PoC,Bentiu PoC,13
North Leich,Rubkona,Bentiu PoC,Bentiu PoC,13
North Leich,Rubkona,Bentiu Town,Bimruok,13
North Leich,Rubkona,Bentiu Town,Bimruok,13
North Leich,Rubkona,Budaang,Chotchara,13
North Leich,Rubkona,Kaljak,Bielchier,13
North Leich,Rubkona,Kaljak,Kaljaak,13
North Leich,Rubkona,Nhialdiu,Chanlual,13
North Leich,Rubkona,Nhialdiu,Nhialdiu,13
North Leich,Rubkona,Nhialdiu,Tochluak,13
North Leich,Rubkona,Rubkona,Yoanyang,13
North Leich,Rubkona,Rubkotne,Pakur,13
North Leich,Rubkona,Rubkotne,Yoanyang,13
North Leich,Rubkona,Rubkotne,Yoanyang,13
Ruweng,Abiemnon,Abiemnhom,Awarepiny,13
Ruweng,Abiemnon,Abiemnhom,Bangbang,13
Ruweng,Abiemnon,Abiemnhom,Magok,13
Ruweng,Abiemnon,Abiemnhom,Manajoga,13
Ruweng,Abiemnon,Abiemnhom,Pathiew,13
Ruweng,Abiemnon,Abiemnhom,Pathiew,13
Ruweng,Abiemnon,Abiemnhom,Wungok,13
Ruweng,Abiemnon,Aworpiny,Awar Piny,13
Ruweng,Pariang,Aliiny,Manajoga,13
Ruweng,Pariang,Aliiny,Marapien,13
Ruweng,Pariang,Biu,Akot,13
Ruweng,Pariang,Biu,Ming,13
Ruweng,Pariang,Jamjang,Alual,13
Ruweng,Pariang,Jamjang,Gumriak,13
Ruweng,Pariang,Jamjang,Gumriak,13
Ruweng,Pariang,Jamjang,Jamjang,13
Ruweng,Pariang,Jamjang,Jamjang,13
Ruweng,Pariang,Jamjang,Pamiir,13
Ruweng,Pariang,Nyiel,Akotweng,13
Ruweng,Pariang,Nyiel,Kong,13
Ruweng,Pariang,Nyiel,Toor/N yokrial,13
Ruweng,Pariang,Pariang,Jaw,13
Ruweng,Pariang,Pariang,Managuer,13
Ruweng,Pariang,Pariang,Nile Ganga,13
Ruweng,Pariang,Pariang,Wunlit,13
Ruweng,Pariang,Werthen,Yida,13
Ruweng,Pariang,Werthen,Yida,13
Ruweng,Pariang,Werthen,Yida,13
Ruweng,Pariang,Wunkur,Wunkur,13
Ruweng,Pariang,Yida,Panthur,13
Ruweng,Pariang,Yida,Yida centre B,13
Southern Liech,Leer,Adok,Norkong,13
Southern Liech,Leer,Bou,Bou,13
Southern Liech,Leer,Dok,Nyadiar,13
Southern Liech,Leer,Guat,Guat,13
Southern Liech,Leer,Padeah,Padeah,13
Southern Liech,Leer,Pilieny,Pilieny,13
Southern Liech,Leer,Yang,Thonyor,13
Southern Liech,Mayendit,Buor,Puulual,13
Southern Liech,Mayendit,Buor,Puulual,13
Southern Liech,Mayendit,Buor,Puulual,13
Southern Liech,Mayendit,Dablual,Daplual,13
Southern Liech,Mayendit,Dablual,Daplual,13
Southern Liech,Mayendit,Dablual,Reri,13
Southern Liech,Mayendit,Luom,Leah,13
Southern Liech,Mayendit,Luom,Leah,13
Southern Liech,Mayendit,Maal,Dhor-their,13
Southern Liech,Mayendit,Maal,Maal,13
Southern Liech,Mayendit,Maal,Maal,13
Southern Liech,Mayendit,Pabuong,Bathjob,13
Southern Liech,Mayendit,Rubkuay,Rubkuay,13
Southern Liech,Mayendit,Rubkuay,Rubnor,13
Southern Liech,Mayendit,Thaker,Thaker,13
Southern Liech,Mayendit,Thaker,Thaker,13
Southern Liech,Mayendit,Tharjiath,Lang,13
Southern Liech,Mayendit,Tutnyang,Tutnyang,13
Southern Liech,Mayendit,Tutnyang,Tutnyang,13
Southern Liech,Panyijiar,Ganyliel,Dekom,13
Southern Liech,Panyijiar,Ganyliel,Ganyliel,13
Southern Liech,Panyijiar,Kol,Jiliew,13
Southern Liech,Panyijiar,Kol,Machar,13
Southern Liech,Panyijiar,Kol,Pathiel,13
Southern Liech,Panyijiar,Kol,Pathiel,13
Southern Liech,Panyijiar,Mayom,Barjangni,13
Southern Liech,Panyijiar,Mayom,Kanynhial,13
Southern Liech,Panyijiar,Mayom,Maluak,13
Southern Liech,Panyijiar,Mayom,Mayom,13
Southern Liech,Panyijiar,Nyal,Nyadong,13
Southern Liech,Panyijiar,Nyal,Nyal,13
Southern Liech,Panyijiar,Nyal,Nyal,13
Southern Liech,Panyijiar,Nyal,Nyal,13
Southern Liech,Panyijiar,Nyal,Nyal,13
Southern Liech,Panyijiar,Nyal,Palual,13
Southern Liech,Panyijiar,Nyal,Palual,13
Southern Liech,Panyijiar,Pachaar,Pachaar,13
Southern Liech,Panyijiar,Pachaar,Pariel,13
Southern Liech,Panyijiar,Pachak,Moorgok,13
Southern Liech,Panyijiar,Pachak,Pachak,13
Southern Liech,Panyijiar,Pachienjok,Pachienjok,13
Southern Liech,Panyijiar,Pachienjok,Pakham,13
Southern Liech,Panyijiar,Pachienjok,Pakham,13
Southern Liech,Panyijiar,Panyijiar,Panyijiar,13
Southern Liech,Panyijiar,Panyijiar,Panyijiar,13
Southern Liech,Panyijiar,Thoarnhoum,Jiech,13
Southern Liech,Panyijiar,Thoarnhoum,Jiech,13
Southern Liech,Panyijiar,Thoarnhoum,Thoarnhoum,13
Southern Liech,Panyijiar,Tiap,Liedit,13
Southern Liech,Panyijiar,Tiap,Liedit,13
Southern Liech,Panyijiar,Tiap,Tiap,13
Abyei,Abyei,Abyei,Abyei Jong Yom,21
Abyei,Abyei,Abyei,Abyei-thony,21
Abyei,Abyei,Abyei,Amenth bek,21
Abyei,Abyei,Alal,Awalnhom,21
Abyei,Abyei,Alal,Awalnhom,21
Abyei,Abyei,Alal,Awalnhom,21
Abyei,Abyei,Alal,Awalnhom,21
Abyei,Abyei,Alal,Maker,21
Abyei,Abyei,Alal,Maker,21
Abyei,Abyei,Alal,Maker,21
Abyei,Abyei,Alal,Noong,21
Abyei,Abyei,Alal,Noong,21
Abyei,Abyei,Amenth agouk,Dongop,21
Abyei,Abyei,Amenth agouk,Todaj,21
Abyei,Abyei,Amenth agouk,Todaj,21
Abyei,Abyei,Mijak,Tajalei,21
Abyei,Abyei,Mijak,Tajalei,21
Abyei,Abyei,Mijak,Tajalei,21
Abyei,Abyei,Rumamer,Mabok,21
Abyei,Abyei,Rumamer,Mabok,21
Abyei,Abyei,Rumamer,Mabok,21
Abyei,Abyei,Rumamer,Mabok,21
Abyei,Abyei,Rumamer,Mabok,21
Abyei,Abyei,Rumamer,Mabok,21
Abyei,Abyei,Rumamer,Mabok,21
Abyei,Abyei,Rumamer,Mabok,21
Abyei,Abyei,Rumamer,Marial,21
Abyei,Abyei,Rumamer,Marial,21
Gogrial,Gogrial East,Nyang,Mayenjur,21
Gogrial,Gogrial East,Pathuon East,Mayombiong,21
Gogrial,Gogrial East,Pathuon East,Mayombiong,21
Gogrial,Gogrial East,Pathuon East,Yiik adoor,21
Gogrial,Gogrial East,Pathuon West,Luonyaker,21
Gogrial,Gogrial East,Pathuon West,Majok,21
Gogrial,Gogrial East,Toch East,Thuramon,21
Gogrial,Gogrial East,Toch East,Thuramon,21
Gogrial,Gogrial East,Toch East,Thuramon,21
Gogrial,Gogrial East,Toch North,Mayomchol,21
Gogrial,Gogrial East,Toch North,Mayomchol,21
Gogrial,Gogrial East,Toch North,Mayomchol,21
Gogrial,Gogrial East,Toch North,Mayomchol,21
Gogrial,Gogrial East,Toch West,Malual Awien,21
Gogrial,Gogrial East,Toch West,Malual Awien,21
Gogrial,Gogrial West,Akon North,Mabil,21
Gogrial,Gogrial West,Akon South,Ayien,21
Gogrial,Gogrial West,Akon South,Rup,21
Gogrial,Gogrial West,Akon South,Rup,21
Gogrial,Gogrial West,Alek North,Malekngok,21
Gogrial,Gogrial West,Alek South,Alek,21
Gogrial,Gogrial West,Alek South,Atukuel,21
Gogrial,Gogrial West,Alek West,Alueth,21
Gogrial,Gogrial West,Alek West,Alueth,21
Gogrial,Gogrial West,Gogrial,Gogrial,21
Gogrial,Gogrial West,Gogrial,Maluilajak,21
Gogrial,Gogrial West,Gogrial,Mandeng,21
Gogrial,Gogrial West,Kuac North,Anguoi,21
Gogrial,Gogrial West,Kuac North,Anguoi,21
Gogrial,Gogrial West,Kuac North,Kuacjok,21
Gogrial,Gogrial West,Kuac North,Kuacjok,21
Gogrial,Gogrial West,Kuac North,Kuacjok,21
Gogrial,Gogrial West,Kuac North,Kuacjok,21
Gogrial,Gogrial West,Kuac North,Kuacjok,21
Gogrial,Gogrial West,Kuac North,Kuacjok,21
Gogrial,Gogrial West,Kuac North,Majok,21
Gogrial,Gogrial West,Kuac South,Wunkuelthii,21
Gogrial,Gogrial West,Riau,Anguoth,21
Gogrial,Gogrial West,Riau,Anguoth,21
Gogrial,Gogrial West,Riau,Panliet,21
Gogrial,Gogrial West,Wau Bai,Tharkueng,21
Tonj,Tonj East,Ananatak,Ananatak,21
tonj,Tonj East,Ananatak,Ngapanet,21
Tonj,Tonj East,Makuac,Makuach,21
tonj,Tonj East,Makuac,Wuncuei,21
Tonj,Tonj East,Makuac,Wuncuei,21
Tonj,Tonj East,Malualcum,Kacuat,21
Tonj,Tonj East,Mayen,Mayen,21
tonj,Tonj East,Palal,Akier,21
Tonj,Tonj East,Palal,Wunkot,21
Tonj,Tonj East,Paliang,Abior,21
Tonj,Tonj East,Paliang,Rumabuth,21
tonj,Tonj East,Paliang,Rumabuth,21
Tonj,Tonj East,Pannhial,Kuelcuk,21
Tonj,Tonj East,Paweng,Juolgok,21
tonj,Tonj East,Wun-liit,War-lang,21
tonj,Tonj North,Akop,Acholok,21
Tonj,Tonj North,Akop,Athiengpuol,21
Tonj,Tonj North,Alabek,Adinydou,21
Tonj,Tonj North,Alabek,Langkap,21
Tonj,Tonj North,Aliek,Patei,21
tonj,Tonj North,Aliek,Rorkou,21
tonj,Tonj North,Awuul,Awuul,21
Tonj,Tonj North,Awuul,Pagakdit,21
Tonj,Tonj North,Awuul,Pagakdit,21
tonj,Tonj North,Awuul,Pagakdit,21
Tonj,Tonj North,Kirik,Achiir,21
Tonj,Tonj North,Kirik,Madhiath,21
tonj,Tonj North,Kirik,Manyiel,21
Tonj,Tonj North,Manloor,Pankot,21
tonj,Tonj North,Manloor,Pankot,21
Tonj,Tonj North,Manloor,Pankot,21
Tonj,Tonj North,Manloor,Pankot,21
tonj,Tonj North,Manloor,Pharek-sika,21
Tonj,Tonj North,Marial Lou,Adau,21
Tonj,Tonj North,Marial-lou,Puolbar,21
Tonj,Tonj North,Marial-lou,Puolbar,21
tonj,Tonj North,Pagol,Lurchuk,21
Tonj,Tonj North,Pagol,Mayenloc,21
Tonj,Tonj North,Rual-bet,Achol,21
Tonj,Tonj North,Warrap,Warrap,21
Tonj,Tonj South,Jak,Majok,21
Tonj,Tonj South,Manyang-ngok,Cuei-cok,21
tonj,Tonj South,Manyang-ngok,Cuei-cok,21
Tonj,Tonj South,Thiet,Thiet,21
tonj,Tonj South,Thiet,Yiith-kuel,21
tonj,Tonj South,Tonj,Aguka,21
Tonj,Tonj South,Tonj,Malual-muok,21
tonj,Tonj South,Tonj,Tonj,21
Tonj,Tonj South,Tonj,Tonj,21
Tonj,Tonj South,Tonj,Tonj,21
Tonj,Tonj South,Tonj,Tonj,21
Tonj,Tonj South,Wath-alel,Mabior-yar,21
Tonj,Tonj South,Wath-alel,Pawel,21
Tonj,Tonj South,Wath-alel,Wanth Alel  2,21
Twic,Twic,Ajak-kuac,Abyei,21
Twic,Twic,Ajak-kuac,Molbang,21
Twic,Twic,Akoc,Tiit,21
Twic,Twic,Akoc,Tiit,21
Twic,Twic,Akoc,Yiikthon,21
Twic,Twic,Akoc,Yiikthon,21
Twic,Twic,Aweeng,Bulyom,21
Twic,Twic,Aweeng,Bulyom,21
Twic,Twic,Aweeng,Majoknoon,21
Twic,Twic,Aweeng,Maper,21
Twic,Twic,Aweeng,Maper,21
Twic,Twic,Pannyok,Akak,21
Twic,Twic,Pannyok,Majakpagai,21
Twic,Twic,Pannyok,Tuele,21
Twic,Twic,Pannyok,Tuele,21
Twic,Twic,Turalei,Anyiel-kuac,21
Twic,Twic,Turalei,Ayien,21
Twic,Twic,Turalei,Mangok,21
Twic,Twic,Turalei,Nyielabiel,21
Twic,Twic,Turalei,Nyielabiel,21
Twic,Twic,Wunrok,Ajoong,21
Twic,Twic,Wunrok,Awilgik,21
Twic,Twic,Wunrok,Kurum,21
Twic,Twic,Wunrok,Tiitcok,21
Twic,Twic,Wunrok,Tiitcok,21
Aweil,Aweil Centre,Abul,Abul,22
Aweil,Aweil Centre,Abul,Awada,22
Aweil,Aweil Centre,Achana,Lulic,22
Aweil,Aweil Centre,Achana,Umar,22
Aweil,Aweil Centre,Aroyo,Aroyo,22
Aweil,Aweil Centre,Awada,Awada,22
Aweil,Aweil Centre,Aweil Town,Aweil Town,22
Aweil,Aweil Centre,Awulic,Awulic,22
Aweil,Aweil Centre,Awulic,Kuom,22
Aweil,Aweil Centre,Bar Mayen,Alok,22
Aweil,Aweil Centre,Bar Mayen,Baau,22
Aweil,Aweil Centre,Bar Mayen,Maundit,22
Aweil,Aweil Centre,Chel South,Cham Angui,22
Aweil,Aweil Centre,Chel South,Luang aher,22
Aweil,Aweil Centre,Chel South,Makuac Amudho,22
Aweil,Aweil Centre,Chel South,Makuac Amudho,22
Aweil,Aweil Centre,Nyalath,Nyalath,22
Aweil,Aweil Centre,Nyalath,Udaba,22
Aweil,Aweil North,Ariath,Kajik,22
Aweil,Aweil North,Ariath,Lueth Ngor,22
Aweil,Aweil North,Ariath,Lueth Ngor,22
aweil,Aweil North,Ariath,Ngop Akot,22
Aweil,Aweil North,Malual Centre,Mareng Akok,22
Aweil,Aweil North,Malual Centre,Mareng Akok,22
Aweil,Aweil North,Malual Centre,Mareng Akok,22
Aweil,Aweil North,Malual Centre,Marol Deng Geng,22
Aweil,Aweil North,Malual Centre,Pamat,22
Aweil,Aweil North,Malual Centre,Pamat,22
Aweil,Aweil North,Malual East,Abyei Chok I,22
Aweil,Aweil North,Malual East,Jaach,22
Aweil,Aweil North,Malual East,Mabior Anguei,22
Aweil,Aweil North,Malual East,Mayen Ulem,22
Aweil,Aweil North,Malual East,War Geng,22
Aweil,Aweil North,Malual East,War Geng,22
Aweil,Aweil North,Malual East,War Pach,22
Aweil,Aweil North,Malual North,Gok Machar,22
Aweil,Aweil North,Malual North,Gor Ayen,22
aweil,Aweil North,Malual North,Malual loc,22
Aweil,Aweil North,Malual North,Mayom Adhal,22
Aweil,Aweil North,Malual North,Peth Atak,22
Aweil,Aweil North,Malual West,Mabior Nyang,22
Aweil,Aweil North,Malual West,Majak Bai,22
Aweil,Aweil North,Malual West,Majak Bai,22
Aweil,Aweil North,Malual West,Majak Bai,22
Aweil,Aweil North,Malual West,Makuei,22
Aweil,Aweil North,Malual West,Makuei,22
Aweil,Aweil North,Malual West,Makuei,22
Aweil,Aweil South,Ayai,Ayai,22
Aweil,Aweil South,Gakrol,Akac,22
Aweil,Aweil South,Gakrol,Jerajiep,22
Aweil,Aweil South,Nyieth,Pankuach,22
Aweil,Aweil South,Nyocawany I,Mayom Lach,22
Aweil,Aweil South,Nyocawany I,Mayom Lach,22
Aweil,Aweil South,Panthou,Mading Chan,22
Aweil,Aweil South,Tar-Weng,Makuei Ngok,22
Aweil,Aweil South,Tiar-aleit,Tiar-aleit,22
Aweil,Aweil South,Wathmuok,Makuac Amiir,22
Aweil,Aweil South,Wathmuok,Panadhot,22
Aweil,Aweil West,Mariem East,Ajuet Alel,22
Aweil,Aweil West,Mariem East,Ajuet Alel,22
Aweil,Aweil West,Mariem East,Ajuet Toich,22
Aweil,Aweil West,Mariem East,Ajuet Toich,22
Aweil,Aweil West,Mariem West,Chimel Dit,22
Aweil,Aweil West,Mariem West,Chimel Dit,22
Aweil,Aweil West,Mariem West,Chimel Makem,22
Aweil,Aweil West,Mariem West,Chimel Makem,22
Aweil East,Aweil East,Akon North,Ameth,22
Aweil East,Aweil East,Akon South,Ayien,22
Aweil East,Aweil East,Baach,Angoot,22
Aweil East,Aweil East,Baach,Angoot,22
Aweil East,Aweil East,Baach,Cuom-ator,22
Aweil East,Aweil East,Baach,Makermawein,22
Aweil East,Aweil East,Baach,Malou,22
Aweil East,Aweil East,Baach,Malualkon,22
Aweil East,Aweil East,Baach,Malualkon,22
Aweil East,Aweil East,Baach,Mayanadhot,22
Aweil East,Aweil East,Baach,Rulnyin,22
Aweil East,Aweil East,Baach,Rum Aker,22
Aweil East,Aweil East,Baach,Rum Aker,22
Aweil East,Aweil East,Baach,Uyon,22
Aweil East,Aweil East,Baach,Uyon,22
Aweil East,Aweil East,Baach,War bai,22
Aweil East,Aweil East,Madhol,Ajiep,22
Aweil East,Aweil East,Madhol,Amarjal,22
Aweil East,Aweil East,Madhol,Amoth Akok,22
Aweil East,Aweil East,Madhol,Mabok Tong,22
Aweil East,Aweil East,Madhol,Mabok Tong,22
Aweil East,Aweil East,Madhol,Rumrol,22
Aweil East,Aweil East,Malual Bai,Adoor,22
Aweil East,Aweil East,Malual Bai,Adoor,22
Aweil East,Aweil East,Malual Bai,Adoor,22
Aweil East,Aweil East,Malual Bai,Lieth,22
Aweil East,Aweil East,Malual Bai,Marol-lach,22
Aweil East,Aweil East,Malual West,Makuei,22
Aweil East,Aweil East,Mangar Tong,Maroldit,22
Aweil East,Aweil East,Mangar Tong,Raildit,22
Aweil East,Aweil East,Mangar-tong I,Kan-ajak,22
Aweil East,Aweil East,Mangar-tong I,Mangar-tong,22
Aweil East,Aweil East,Mangar-tong I,Rialdit II,22
Aweil East,Aweil East,Mangar-tong II,Tit-chok mareeng,22
Aweil East,Aweil East,Mangok,Maker,22
Aweil East,Aweil East,Mangok,Mangok,22
Aweil East,Aweil East,Mangok,Mangok,22
Aweil East,Aweil East,Mangok,Maroldit,22
Aweil East,Aweil East,Wunlang,Malual-Kuel,22
Aweil East,Aweil East,Wunlang,Manyiel,22
Aweil East,Aweil East,Wunlang,Rum-Athoi,22
Aweil East,Aweil East,Yargot,Garam,22
Aweil East,Aweil East,Yargot,Majok Buol,22
Aweil East,Aweil East,Yargot,Makuac Akuel,22
LOL,Raga,Ere,Balbala,23
LOL,Raga,Raga,Gossinga,23
LOL,Raga,Raga,Mbambara,23
LOL,Raga,Raga,Raga North,23
LOL,Raga,Raga,Raga North,23
LOL,Raga,Raga,Raga North,23
LOL,Raga,Raga,Raga North,23
LOL,Raga,Ringi,Boro Medina,23
LOL,Raga,Ringi,Diem Jallab,23
LOL,Raga,Ringi,Katta,23
LOL,Raga,Ringi,Menamba,23
LOL,Raga,Uyujuku,Kuru,23
LOL,Raga,Uyujuku,Sopo,23
LOL,Raga,Uyujuku,Sopo,23
LOL,Raga,Uyujuku,Sopo,23
LOL,Raga,Uyujuku,Uyujuku,23
LOL,Raga,Uyujuku,Uyujuku,23
LOL,Raga,Uyujuku,Yabulu,23
Wau,Jur River,Kuajiena,Dang Acak,23
Wau,Jur River,Kuajiena,Kuajiena,23
Wau,Jur River,Kuajiena,Mbili,23
Wau,Jur River,Kuajiena,Mbili,23
Wau,Jur River,Marial Bai,Alek Chok,23
Wau,Jur River,Marial Bai,Alel Chok,23
Wau,Jur River,Marial Bai,Kuom,23
Wau,Jur River,Marial Bai,Marial Bai,23
Wau,Jur River,Marial Bai,Marial Bai,23
Wau,Jur River,Marial Bai,Marial Bai,23
Wau,Jur River,Marial Bai,Marial Bai,23
Wau,Jur River,Marial Bai,Marial Bai,23
Wau,Jur River,Marial Bai,Rakbak,23
Wau,Jur River,Rocrocdong,Achot,23
Wau,Jur River,Rocrocdong,Achot,23
Wau,Jur River,Rocrocdong,Rocrocdong,23
Wau,Jur River,Rocrocdong,Rocrocdong,23
Wau,Jur River,Rocrocdong,Wathalelo,23
Wau,Jur River,Udici,Atido,23
Wau,Jur River,Udici,Gette,23
Wau,Jur River,Udici,Gette,23
Wau,Jur River,Udici,Kayango,23
Wau,Jur River,Udici,Kayango,23
Wau,Jur River,Udici,Udici,23
Wau,Jur River,Udici,Udici,23
Wau,Jur River,Udici,Udici,23
Wau,Jur River,Wau Bai,Mabior Abiem,23
Wau,Jur River,Wau Bai,Makuac,23
Wau,Jur River,Wau Bai,Nyinakok,23
Wau,Jur River,Wau Bai,Nyinakok,23
Wau,Jur River,Wau Bai,Tarkeun,23
Wau,Jur River,Wau Bai,Tarkuen,23
Wau,Wau,Bagari,Bagari,23
Wau,Wau,Bagari,Bagari,23
Wau,Wau,Bagari,Bringi,23
Wau,Wau,Bagari,Bussere,23
Wau,Wau,Bagari,Bussere,23
Wau,Wau,Bagari,Momoi,23
Wau,Wau,Bagari,Momoi,23
Wau,Wau,Bagari,Ngisa,23
Wau,Wau,Bagari,Ngisa,23
Wau,Wau,Bagari,Ngisa,23
Wau,Wau,Bagari,Ngodakala,23
Wau,Wau,Bagari,Ngodakala,23
Wau,Wau,Bagari,Ngodakala,23
Wau,Wau,Besselia,Abu-shaka,23
Wau,Wau,Besselia,Besselia,23
Wau,Wau,Besselia,Kaabi,23
Wau,Wau,Besselia,Khor Gana,23
Wau,Wau,Besselia,Mboro,23
Wau,Wau,Besselia,Mboro,23
Wau,Wau,Besselia,Mboro,23
Wau,Wau,Besselia,Mboro,23
Wau,Wau,Besselia,Ngolimbo,23
Wau,Wau,Besselia,Ngolimbo,23
Wau,Wau,Kpaile,Gittan,23
Wau,Wau,Kpaile,Gittan,23
Wau,Wau,Kpaile,Kpaile,23
Wau,Wau,Kpaile,Kpaile,23
Wau,Wau,Kpaile,Rafili,23
Wau,Wau,Kpaile,Taban,23
Wau,Wau,Wau North,Darajat West,23
Wau,Wau,Wau North,Darajat West,23
Wau,Wau,Wau North,Hai Bafra,23
Wau,Wau,Wau North,Hai Dinka,23
Wau,Wau,Wau North,Hai Dinka,23
Wau,Wau,Wau North,Hai Fahal/Zande,23
Wau,Wau,Wau North,Ismailiya,23
Wau,Wau,Wau North,Lokloko,23
Wau,Wau,Wau South,Agok,23
Wau,Wau,Wau South,Agok,23
Wau,Wau,Wau South,Bazia Jedid,23
Wau,Wau,Wau South,Hai Krash A,23
Wau,Wau,Wau South,Jebel Kheir,23
Wau,Wau,Wau South,Jebel Kheir,23
Wau,Wau,Wau South,Jezira,23
Wau,Wau,Wau South,Kosti,23
Wau,Wau,Wau South,Masna,23
Wau,Wau,Wau South,Muwzifin,23
Wau,Wau,Wau South,Muwzifin,23
Wau,Wau,Wau South,Muwzifin,23
Wau,Wau,Wau South,Nazareth,23
Wau,Wau,Wau South,Nazareth,23
Wau,Wau,Wau South,Salaam,23
Eastern Lakes,Yirol East,Adior,Ayiem,24
Eastern Lakes,Yirol East,Adior,Shambe,24
Eastern Lakes,Yirol East,Lekakedu,Nyang,24
Eastern Lakes,Yirol East,Malek,Langmatot,24
Eastern Lakes,Yirol East,Malek,Malek,24
Eastern Lakes,Yirol East,Pagarau,Kap,24
Eastern Lakes,Yirol East,Pagarau,Pagarau,24
Eastern Lakes,Yirol West,Abang,Pakeu,24
Eastern Lakes,Yirol West,Abang,Pankar,24
Eastern Lakes,Yirol West,Abang,Wath-cabath,24
Eastern Lakes,Yirol West,Aluakluak,Agany,24
Eastern Lakes,Yirol West,Aluakluak,Aluakluak,24
Eastern Lakes,Yirol West,Anuol,Ateerbaai,24
Eastern Lakes,Yirol West,Anuol,Kathiar,24
Eastern Lakes,Yirol West,Geng-geng,Pabur,24
Eastern Lakes,Yirol West,Gher,Yibor,24
Eastern Lakes,Yirol West,Mapuordit,Agutraan,24
Eastern Lakes,Yirol West,Mapuordit,Mabui,24
GOK,Cueibet,Duony,Agok,24
GOK,Cueibet,Duony,Mayath,24
GOK,Cueibet,Malou Pec,Ciminti,24
GOK,Cueibet,Malou Pec,Ludo Cok,24
GOK,Cueibet,Malou Pec,Makuei,24
GOK,Cueibet,Malou Pec,Malou,24
GOK,Cueibet,Ngap,Malou,24
GOK,Cueibet,Pagor,Anaak,24
Western Lakes,Rumbek Centre,Amongpiny,Adol,24
Western Lakes,Rumbek Centre,Jiir,Abinajok,24
Western Lakes,Rumbek Centre,Jiir,Abinajok,24
Western Lakes,Rumbek Centre,Jiir,Akoljal,24
Western Lakes,Rumbek Centre,Malek,Abeer,24
Western Lakes,Rumbek Centre,Malek,Apeet,24
Western Lakes,Rumbek Centre,Matangai,Abeer,24
Western Lakes,Rumbek Centre,Matangai,Abeer,24
Western Lakes,Rumbek Centre,Matangai,Cholocok,24
Western Lakes,Rumbek Centre,Matangai,Cholocok,24
Western Lakes,Rumbek Centre,Matangai,Nyangkoot,24
Western Lakes,Rumbek Centre,Matangai,Nyangkoot,24
Western Lakes,Rumbek Centre,Mayom,Cueicok,24
Western Lakes,Rumbek Centre,Mayom,Cueicok,24
Western Lakes,Rumbek Centre,Rumbek Town,Abarkou,24
Western Lakes,Rumbek Centre,Rumbek Town,Abarkou,24
Western Lakes,Rumbek Centre,Rumbek Town,Abeer,24
Western Lakes,Rumbek Centre,Rumbek Town,Abeer,24
Western Lakes,Rumbek Centre,Rumbek Town,Adol,24
Western Lakes,Rumbek Centre,Rumbek Town,Cholocok,24
Western Lakes,Rumbek Centre,Rumbek Town,Nyangkoot,24
Western Lakes,Rumbek East,Aduel,Aduel,24
Western Lakes,Rumbek East,Aduel,Aduel,24
Western Lakes,Rumbek East,Aduel,Aduel,24
Western Lakes,Rumbek East,Aduel,Billing,24
Western Lakes,Rumbek East,Aduel,Thonic,24
Western Lakes,Rumbek East,Aduel,Thonic,24
Western Lakes,Rumbek East,Aduel,Thonic,24
Western Lakes,Rumbek East,Akot,Ameth Agok,24
Western Lakes,Rumbek East,Atiaba,Atiaba,24
Western Lakes,Rumbek East,Atiaba,Atiaba,24
Western Lakes,Rumbek East,Atiaba,Karic,24
Western Lakes,Rumbek East,Cueicok,Makembele,24
Western Lakes,Rumbek East,Cueicok,Makembele,24
Western Lakes,Rumbek East,Malenagok,Billing,24
Western Lakes,Rumbek East,Malenagok,Kuelkuac,24
Western Lakes,Rumbek East,Mathiang-kok,Majak,24
Western Lakes,Rumbek East,Mathiang-kok,Pacong,24
Western Lakes,Rumbek East,Mathiang-kok,Pacong,24
Western Lakes,Rumbek East,Pachong,Pacong,24
Western Lakes,Rumbek East,Pachong,Panawac,24
Western Lakes,Rumbek East,Paloch,Golkou,24
Western Lakes,Rumbek North,Aloor,Catom,24
Western Lakes,Rumbek North,Malueeth,Achiek,24
Western Lakes,Rumbek North,Malueeth,Kak,24
Western Lakes,Rumbek North,Maper,Maper Centre,24
Western Lakes,Rumbek North,Maper,Maper Centre,24
Western Lakes,Rumbek North,Mayen,Amok,24
Western Lakes,Rumbek North,Mayen,Mayen,24
Western Lakes,Rumbek North,Wun-rieng,Wun-rieng,24
Western Lakes,Wulu,Bargel,Bargel,24
Western Lakes,Wulu,Bargel,Bargel,24
Western Lakes,Wulu,Bargel,Gulmar,24
Western Lakes,Wulu,Bargel,Gulmar,24
Western Lakes,Wulu,Domoloto,Deteku,24
Western Lakes,Wulu,Domoloto,Deteku,24
Western Lakes,Wulu,Domoloto,Wakou,24
Western Lakes,Wulu,Makundi,Bidibadai,24
Western Lakes,Wulu,Wulu,Tonjo,24
Western Lakes,Wulu,Wulu,Wulu Gedim,24
Western Lakes,Wulu,Wulu,Wulu Gedim,24
Amadi,Mundri East,Kediba,Dosho,31
Amadi,Mundri East,Kediba,Kediba,31
Amadi,Mundri East,Kediba,Kediba,31
Amadi,Mundri East,Kediba,Kediba,31
Amadi,Mundri East,Kediba,Movo,31
Amadi,Mundri East,Kediba,Wandi,31
Amadi,Mundri East,Lakamadi,Kasiko,31
Amadi,Mundri East,Lakamadi,Lakamadi,31
Amadi,Mundri East,Lozoh,Bu-agyi,31
Amadi,Mundri East,Lozoh,Bu-agyi,31
Amadi,Mundri East,Lozoh,Lanyi,31
Amadi,Mundri East,Lozoh,Lanyi,31
Amadi,Mundri East,Lozoh,Lanyi,31
Amadi,Mundri East,Lozoh,Lozoh,31
Amadi,Mundri East,Lozoh,Lui,31
Amadi,Mundri East,Lozoh,Wiroh,31
Amadi,Mundri East,Minga,Iyge,31
Amadi,Mundri East,Minga,Minga,31
Amadi,Mundri East,Witto,Mariba,31
Amadi,Mundri East,Witto,Mariba,31
Amadi,Mundri East,Witto,Mideh,31
Amadi,Mundri West,Amadi,Bitti,31
Amadi,Mundri West,Amadi,Kulundu,31
Amadi,Mundri West,Amadi,Kulundu,31
Amadi,Mundri West,Bangolo,Bangolo,31
Amadi,Mundri West,Bangolo,Bangolo,31
Amadi,Mundri West,Bangolo,Diko,31
Amadi,Mundri West,Bangolo,Diko,31
Amadi,Mundri West,Bangolo,Ledingwa,31
Amadi,Mundri West,Bangolo,Ledingwa,31
Amadi,Mundri West,Bangolo,Ledingwa,31
Amadi,Mundri West,Kotobi,Bari,31
Amadi,Mundri West,Kotobi,Karika,31
Amadi,Mundri West,Kotobi,Karika,31
Amadi,Mundri West,Kotobi,Karika,31
Amadi,Mundri West,Kotobi,Kotobi,31
Amadi,Mundri West,Kotobi,Medewu,31
Amadi,Mundri West,Mundri,Gulu,31
Amadi,Mundri West,Mundri,Mbara,31
Amadi,Mundri West,Mundri,Mundri,31
Amadi,Mvolo,Bagori,Bagori,31
Amadi,Mvolo,Bagori,Kperikudu,31
Amadi,Mvolo,Bahr El Grindi,Bahr El Grindi Centre,31
Amadi,Mvolo,Bahr El Grindi,Leybolo,31
Amadi,Mvolo,Bahr El Grindi,Wowo,31
Amadi,Mvolo,Dari,Dari,31
Amadi,Mvolo,Kokori,Kombi,31
Amadi,Mvolo,Kokori,Kulu,31
Amadi,Mvolo,Lessi,Lessi,31
Amadi,Mvolo,Mvolo,Dimeri,31
Amadi,Mvolo,Mvolo,Minikolome,31
Amadi,Mvolo,Yeri,Mayewe,31
Amadi,Mvolo,Yeri,Yeri,31
Gbudwe,Ezo,Andari,Andari Centre,31
Gbudwe,Ezo,Andari,Bafuka,31
Gbudwe,Ezo,Andari,Bangangai,31
Gbudwe,Ezo,Andari,Baragu,31
Gbudwe,Ezo,Bagidi,Agiango,31
Gbudwe,Ezo,Bagidi,Agiango,31
Gbudwe,Ezo,Bagidi,Agiango,31
Gbudwe,Ezo,Bagidi,Bagidi Centre,31
Gbudwe,Ezo,Bagidi,Baikpa,31
Gbudwe,Ezo,Bagidi,Moso,31
Gbudwe,Ezo,Bariguna,Bambaraze,31
Gbudwe,Ezo,Bariguna,Banduguyo,31
Gbudwe,Ezo,Bariguna,Bariabande,31
Gbudwe,Ezo,Bariguna,Bariguna Cente,31
Gbudwe,Ezo,Ezo Centre,Degere,31
Gbudwe,Ezo,Ezo Centre,Ezo Centre,31
Gbudwe,Ezo,Ezo Centre,Ezo Centre,31
Gbudwe,Ezo,Ezo Centre,Ezo Centre,31
Gbudwe,Ezo,Ezo Centre,Ezo Centre,31
Gbudwe,Ezo,Ezo Centre,Ezo Centre,31
Gbudwe,Ezo,Ezo Centre,Madoro,31
Gbudwe,Ezo,Ezo Centre,Madoro,31
Gbudwe,Ezo,Ezo Centre,Mangbangua,31
Gbudwe,Ezo,Naandi,Diabio,31
Gbudwe,Ezo,Naandi,Marangu,31
Gbudwe,Ezo,Naandi,Naandi Centre,31
Gbudwe,Ezo,Naandi,Nyasi,31
Gbudwe,Ezo,Naandi,Nyasi,31
Gbudwe,Ezo,Yangiri,Mafuyo,31
Gbudwe,Ezo,Yangiri,Yangiri Centre,31
Gbudwe,Ezo,Yangiri,Yangura,31
Gbudwe,Nzara,Basukangbi,Mbamu,31
Gbudwe,Nzara,Basukangbi,Namama,31
Gbudwe,Nzara,Basukangbi,Ndoromo,31
Gbudwe,Nzara,Nzara Centre,Namaiku,31
Gbudwe,Nzara,Nzara Centre,Namaiku,31
Gbudwe,Nzara,Nzara Centre,Namaiku,31
Gbudwe,Nzara,Nzara Centre,Nzara Centre,31
Gbudwe,Nzara,Nzara Centre,Nzara Centre,31
Gbudwe,Nzara,Nzara Centre,Nzara Centre,31
Gbudwe,Nzara,Nzara Centre,Nzara Centre,31
Gbudwe,Nzara,Nzara Centre,Nzara Centre,31
Gbudwe,Nzara,Nzara Centre,Nzara Centre,31
Gbudwe,Nzara,Nzara Centre,Yabongo,31
Gbudwe,Nzara,Ringasi,Ringasi West,31
Gbudwe,Nzara,Sakure,Bakpara,31
Gbudwe,Nzara,Sakure,Bakpara,31
Gbudwe,Nzara,Sakure,Bangi,31
Gbudwe,Nzara,Sakure,Bure Maku,31
Gbudwe,Nzara,Sakure,Bureangburu,31
Gbudwe,Nzara,Sakure,Sakure Centre,31
Gbudwe,Nzara,Sangua,Dingapa,31
Gbudwe,Nzara,Sangua,Sagua One,31
Gbudwe,Nzara,Sangua,Sangua Two,31
Gbudwe,Yambio,Bangasu,Bangasu,31
Gbudwe,Yambio,Bangasu,Bangasu,31
Gbudwe,Yambio,Bangasu,Bangasu,31
Gbudwe,Yambio,Bangasu,Bangasu,31
Gbudwe,Yambio,Bangasu,Bangasu,31
Gbudwe,Yambio,Bangasu,Birezigbo,31
Gbudwe,Yambio,Bangasu,Hukuo,31
Gbudwe,Yambio,Bangasu,James Diko,31
Gbudwe,Yambio,Bangasu,Nyaka,31
Gbudwe,Yambio,Bangasu,Rimenze,31
Gbudwe,Yambio,Bangasu,Rimenze,31
Gbudwe,Yambio,Bangasu,Rimenze,31
Gbudwe,Yambio,Gangura,Birisi,31
Gbudwe,Yambio,Gangura,Birisi,31
Gbudwe,Yambio,Gangura,Gangura,31
Gbudwe,Yambio,Gangura,Gangura,31
Gbudwe,Yambio,Gangura,Gangura,31
Gbudwe,Yambio,Gangura,Masumbu,31
Gbudwe,Yambio,Gangura,Nabiapai,31
Gbudwe,Yambio,Gangura,Nangume,31
Gbudwe,Yambio,Gangura,Nanguruza,31
Gbudwe,Yambio,Nadiangere,Nadiangere Centre,31
Gbudwe,Yambio,Nadiangere,Nangume,31
Gbudwe,Yambio,Ri-rangu,Benzimifoki,31
Gbudwe,Yambio,Ri-rangu,Mombai,31
Gbudwe,Yambio,Ri-rangu,Nabima,31
Gbudwe,Yambio,Ri-rangu,Ri-rangu Centre,31
Gbudwe,Yambio,Ri-rangu,Ri-rangu Centre,31
Gbudwe,Yambio,Yambio Town,Bazungua,31
Gbudwe,Yambio,Yambio Town,Bazungua,31
Gbudwe,Yambio,Yambio Town,Bazungua,31
Gbudwe,Yambio,Yambio Town,Bazungua,31
Gbudwe,Yambio,Yambio Town,Bazungua,31
Gbudwe,Yambio,Yambio Town,Bazungua,31
Gbudwe,Yambio,Yambio Town,Bodo,31
Gbudwe,Yambio,Yambio Town,Bodo,31
Gbudwe,Yambio,Yambio Town,Gangara emelia,31
Gbudwe,Yambio,Yambio Town,Gangura,31
Gbudwe,Yambio,Yambio Town,Hai Baiparu,31
Gbudwe,Yambio,Yambio Town,Hai Bakindo,31
Gbudwe,Yambio,Yambio Town,Hai Kabash,31
Gbudwe,Yambio,Yambio Town,Hai Kuzee,31
Gbudwe,Yambio,Yambio Town,Hai Kuzee,31
Gbudwe,Yambio,Yambio Town,Hai Tarawa,31
Gbudwe,Yambio,Yambio Town,Hai Tarawa,31
Gbudwe,Yambio,Yambio Town,Masiya,31
Gbudwe,Yambio,Yambio Town,Naduru,31
Gbudwe,Yambio,Yambio Town,Naduru,31
Gbudwe,Yambio,Yambio Town,Ndavuro,31
Gbudwe,Yambio,Yambio Town,Ngindo,31
Gbudwe,Yambio,Yambio Town,Ngindo,31
Gbudwe,Yambio,Yambio Town,Ngindo,31
Gbudwe,Yambio,Yambio Town,Ngindo,31
Gbudwe,Yambio,Yambio Town,Rii-Rangu,31
Gbudwe,Yambio,Yambio Town,Saura,31
Gbudwe,Yambio,Yambio Town,Saura,31
Gbudwe,Yambio,Yambio Town,Yabongo,31
Gbudwe,Yambio,Yambio Town,Yabongo,31
Gbudwe,Yambio,Yambio Town,Yabongo,31
Gbudwe,Yambio,Yambio Town,Yambio,31
Gbudwe,Yambio,Yambio Town,Yambio,31
Maridi,Ibba,Ibba Centre,Namarabia,31
Maridi,Ibba,Ibba Centre,Namarabia,31
Maridi,Ibba,Ibba Centre,Namarabia,31
Maridi,Ibba,Ibba Centre,Namarabia,31
Maridi,Ibba,Ibba Centre,Namarabia,31
Maridi,Ibba,Ibba Centre,Ngungua,31
Maridi,Ibba,Ibba Centre,Ngungua,31
Maridi,Ibba,Madebe,Madebe Centre,31
Maridi,Ibba,Madebe,Madebe Centre,31
Maridi,Ibba,Manikakara,Manikakara Centre,31
Maridi,Ibba,Manikakara,Rubu,31
Maridi,Ibba,Maruko,Manzangbi,31
Maridi,Ibba,Maruko,Maruko Centre,31
Maridi,Ibba,Maruko,Tanamuko,31
Maridi,Ibba,Maruko,Tanamuko,31
Maridi,Ibba,Nabanga,Gbua,31
Maridi,Ibba,Nabanga,Nabanga  Centre,31
Maridi,Ibba,Nabanga,Nabanga  Centre,31
Maridi,Ibba,Nabanga,Nabanga  Centre,31
Maridi,Maridi,Kozi,Amaki,31
Maridi,Maridi,Kozi,Amaki,31
Maridi,Maridi,Kozi,Kozi,31
Maridi,Maridi,Kozi,Ngode,31
Maridi,Maridi,Landili,Bingo,31
Maridi,Maridi,Landili,Dorolili,31
Maridi,Maridi,Mambe,Eyira,31
Maridi,Maridi,Mambe,Eyira,31
Maridi,Maridi,Mambe,Mambe,31
Maridi,Maridi,Mambe,Mambe,31
Maridi,Maridi,Mambe,Mambe,31
Maridi,Maridi,Mambe,Olo,31
Maridi,Maridi,Mambe,Olo,31
Maridi,Maridi,Maridi,Mabirindi,31
Maridi,Maridi,Maridi,Mabirindi,31
Maridi,Maridi,Maridi,Mabirindi,31
Maridi,Maridi,Maridi,Mabirindi,31
Maridi,Maridi,Maridi,Mabirindi,31
Maridi,Maridi,Maridi,Malakia,31
Maridi,Maridi,Maridi,Malakia,31
Maridi,Maridi,Maridi,Mboroko,31
Maridi,Maridi,Maridi,Mboroko,31
Maridi,Maridi,Maridi,Mboroko,31
Maridi,Maridi,Maridi,Mboroko,31
Maridi,Maridi,Maridi,Modubai,31
Maridi,Maridi,Maridi,Nagbaka,31
Maridi,Maridi,Maridi,Nagbaka,31
Maridi,Maridi,Ngamunde,E'di,31
Maridi,Maridi,Ngamunde,E'di,31
Maridi,Maridi,Ngamunde,E'di,31
Maridi,Maridi,Ngamunde,Kuwanga,31
Maridi,Maridi,Ngamunde,Kuwanga,31
Maridi,Maridi,Ngamunde,Mekke,31
Tambura,Nagero,Nagero,Bandala,31
Tambura,Nagero,Nagero,Bandala,31
Tambura,Nagero,Nagero,Diayanga,31
Tambura,Nagero,Nagero,Maringindo,31
Tambura,Nagero,Nagero,Nagero Centre,31
Tambura,Nagero,Nagero,Zamoi,31
Tambura,Nagero,Namutina,Akpa,31
Tambura,Nagero,Namutina,Namutina Centre,31
Tambura,Tambura,Mupoi,Nangume,31
Tambura,Tambura,Mupoi,Nangume,31
Tambura,Tambura,Mupoi,Senenguse,31
Tambura,Tambura,Namutina,Kpangima,31
Tambura,Tambura,Source Yubu,Mabenge,31
Tambura,Tambura,Source Yubu,Ngboko,31
Tambura,Tambura,Source Yubu,Saba Mile,31
Tambura,Tambura,Source Yubu,Source Yubu Centre,31
Tambura,Tambura,Tambura,Gberezagino,31
Tambura,Tambura,Tambura,Kenia,31
Tambura,Tambura,Tambura,Mabaiku,31
Tambura,Tambura,Tambura,Mabaiku,31
Tambura,Tambura,Tambura,Mangburu,31
Tambura,Tambura,Tambura,Mangburu,31
Tambura,Tambura,Tambura,Matakurungu,31
Tambura,Tambura,Tambura,Tambura East,31
Tambura,Tambura,Tambura,Tambura East,31
Tambura,Tambura,Tambura,Tambura East,31
Tambura,Tambura,Tambura,Tambura West,31
Tambura,Tambura,Tambura,Tambura West,31
Tambura,Tambura,Tambura,Zangia,31
Tambura,Tambura,Tambura,Zangia,31
Jubek,Juba,Bungu,Kworojik-Bungu,32
Jubek,Juba,Dolo,Kuda,32
Jubek,Juba,Dolo,Kuda,32
Jubek,Juba,Dolo,Kuda,32
Jubek,Juba,Dolo,Sirimon,32
Jubek,Juba,Dolo,Sirimon,32
Jubek,Juba,Dolo,Sure,32
Jubek,Juba,Dolo,Tulyang,32
Jubek,Juba,Dolo,Tulyang,32
Jubek,Juba,Dolo,Tulyang,32
Jubek,Juba,Dolo,Tulyang,32
Jubek,Juba,Dolo,Tulyang,32
Jubek,Juba,Dolo,Tulyang,32
Jubek,Juba,Dolo,Tulyang,32
Jubek,Juba,Dolo,Tulyang,32
Jubek,Juba,Ganji,Kagwada,32
Jubek,Juba,Ganji,Kagwada,32
Jubek,Juba,Ganji,Kulipapa,32
Jubek,Juba,Gondokoro,Garbu,32
Jubek,Juba,Gondokoro,Monanyik,32
Jubek,Juba,Juba Town,Dresses Line,32
Jubek,Juba,Juba Town,Dresses Line,32
Jubek,Juba,Juba Town,Dresses Line,32
Jubek,Juba,Juba Town,Hai Gabat,32
Jubek,Juba,Juba Town,Hai Gabat,32
Jubek,Juba,Juba Town,Hai Malakal,32
Jubek,Juba,Juba Town,Hai Nyakama,32
Jubek,Juba,Juba Town,Hai Orselim,32
Jubek,Juba,Juba Town,Hai Orselim,32
Jubek,Juba,Juba Town,Hai Orselim,32
Jubek,Juba,Juba Town,Hai Orselim,32
Jubek,Juba,Juba Town,Juba Quarter Council,32
Jubek,Juba,Juba Town,Juba Quarter Council,32
Jubek,Juba,Juba Town,Juba Quarter Council,32
Jubek,Juba,Juba Town,Juba Quarter Council,32
Jubek,Juba,Juba Town,Juba Quarter Council,32
Jubek,Juba,Kator,Atlabara,32
Jubek,Juba,Kator,Kator Centre,32
Jubek,Juba,Kator,Kator Centre,32
Jubek,Juba,Kator,Konyo Konyo,32
Jubek,Juba,Kator,Lologo,32
Jubek,Juba,Lirya,Lirya Centre,32
Jubek,Juba,Lirya,Lyongori,32
Jubek,Juba,Lirya,Ngangala,32
Jubek,Juba,Lirya,Ngulere,32
Jubek,Juba,Lobonok,Karpeto,32
Jubek,Juba,Lobonok,Luwalla,32
Jubek,Juba,Lobonok,Tombur,32
Jubek,Juba,Lobonok,Tombur,32
Jubek,Juba,Lobonok,Tombur,32
Jubek,Juba,Lobonok,Tombur,32
Jubek,Juba,Lobonok,Tombur,32
Jubek,Juba,Lokiliri,Aru,32
Jubek,Juba,Lokiliri,Aru,32
Jubek,Juba,Lokiliri,Jaliet-Kudow,32
Jubek,Juba,Lokiliri,Jaliet-Kudow,32
Jubek,Juba,Lokiliri,Lokiliri Centre,32
Jubek,Juba,Lokiliri,Lokiliri Centre,32
Jubek,Juba,Lokiliri,Odemu,32
Jubek,Juba,Mangala North,Mangala Centre,32
Jubek,Juba,Mangala South,Bilinyang,32
Jubek,Juba,Mangala South,Bilinyang,32
Jubek,Juba,Mangala South,Magiri,32
Jubek,Juba,Mangala South,Magiri,32
Jubek,Juba,Munuki,Dar-Salam,32
Jubek,Juba,Munuki,Dar-Salam,32
Jubek,Juba,Munuki,Hai Kwuit,32
Jubek,Juba,Munuki,Hai Kwuit,32
Jubek,Juba,Munuki,Hai Mouna,32
Jubek,Juba,Munuki,Hai Mouna,32
Jubek,Juba,Munuki,Hai Mouna,32
Jubek,Juba,Munuki,Hai Mouna,32
Jubek,Juba,Munuki,Hai Mouna,32
Jubek,Juba,Munuki,Hai Seminary,32
Jubek,Juba,Munuki,Munuki Block C,32
Jubek,Juba,Munuki,Munuki Island,32
Jubek,Juba,Munuki,Nyokuron North,32
Jubek,Juba,Munuki,Nyokuron South,32
Jubek,Juba,Munuki,Nyokuron West,32
Jubek,Juba,Northern Bari,Jebel Ladu,32
Jubek,Juba,Northern Bari,Juba Na Bari,32
Jubek,Juba,Northern Bari,Juba Na Bari,32
Jubek,Juba,Northern Bari,Juba Na Bari,32
Jubek,Juba,Northern Bari,Juba Na Bari,32
Jubek,Juba,Northern Bari,Luri,32
Jubek,Juba,Northern Bari,Luri,32
Jubek,Juba,Northern Bari,Luri,32
Jubek,Juba,Northern Bari,Luri,32
Jubek,Juba,Northern Bari,Luri,32
Jubek,Juba,Northern Bari,Tendere,32
Jubek,Juba,Northern Bari,Tendere,32
Jubek,Juba,Rejaf,Gumbo,32
Jubek,Juba,Rejaf,Logo East,32
Jubek,Juba,Rejaf,Logo West,32
Jubek,Juba,Rokon,Kugi,32
Jubek,Juba,Rokon,Kugi,32
Jubek,Juba,Rokon,Mirikiyo,32
Jubek,Juba,Rokon,Mirikiyo,32
Jubek,Juba,Rokon,Rokon Centre,32
Jubek,Juba,Rokon,Rokon Centre,32
Jubek,Juba,Rokon,Toko-Ko-Tulu,32
Jubek,Juba,Wonduruba,Katigiri,32
Jubek,Juba,Wonduruba,Katigiri,32
Jubek,Juba,Wonduruba,Katigiri,32
Jubek,Juba,Wonduruba,Logwilu,32
Jubek,Juba,Wonduruba,Logwilu,32
Jubek,Juba,Wonduruba,Logwilu,32
Jubek,Juba,Wonduruba,Maliyo,32
Jubek,Juba,Wonduruba,Maliyo,32
Jubek,Juba,Wonduruba,Moje,32
Terekeka,Terekeka,Gameiza,Buju/Lojora,32
Terekeka,Terekeka,Muni,Bokana,32
Terekeka,Terekeka,Muni,Bokana,32
Terekeka,Terekeka,Muni,Tukoro,32
Terekeka,Terekeka,Muni,Tukoro,32
Terekeka,Terekeka,Nyori,Loki,32
Terekeka,Terekeka,Nyori,Loki,32
Terekeka,Terekeka,Nyori,Maridi,32
Terekeka,Terekeka,Nyori,Maridi,32
Terekeka,Terekeka,Reggo,Buju/Lojora,32
Terekeka,Terekeka,Reggo,Buju/Lojora,32
Terekeka,Terekeka,Reggo,Buju/Lojora,32
Terekeka,Terekeka,Reggo,Buranga,32
Terekeka,Terekeka,Reggo,Buranga,32
Terekeka,Terekeka,Reggo,Buranga,32
Terekeka,Terekeka,Reggo,Buranga,32
Terekeka,Terekeka,Reggo,Longi,32
Terekeka,Terekeka,Reggo,Longi,32
Terekeka,Terekeka,Reggo,Longi,32
Terekeka,Terekeka,Reggo,Longi,32
Terekeka,Terekeka,Reggo,Mirindia,32
Terekeka,Terekeka,Reggo,Mirindia,32
Terekeka,Terekeka,Rijong,Jonkok Payaya,32
Terekeka,Terekeka,Rijong,Kowori,32
Terekeka,Terekeka,Rijong,Kowori,32
Terekeka,Terekeka,Tali,Bari,32
Terekeka,Terekeka,Tali,Dari,32
Terekeka,Terekeka,Tali,Dari,32
Terekeka,Terekeka,Tali,Dudu,32
Terekeka,Terekeka,Tali,Jobur,32
Terekeka,Terekeka,Tali,Jobur,32
Terekeka,Terekeka,Tali,Jobur,32
Terekeka,Terekeka,Tali,Jokari,32
Terekeka,Terekeka,Tali,Makido,32
Terekeka,Terekeka,Tali,Mijiki,32
Terekeka,Terekeka,Tali,Pagara,32
Terekeka,Terekeka,Terekeka,Buko,32
Terekeka,Terekeka,Terekeka,Buko,32
Terekeka,Terekeka,Terekeka,Nyikabur,32
Terekeka,Terekeka,Terekeka,Nyikabur,32
Terekeka,Terekeka,Tijor,Buko,32
Terekeka,Terekeka,Tijor,Guru-Lo-Toggu,32
Terekeka,Terekeka,Tijor,Tijor Centre,32
Terekeka,Terekeka,Tindilo,Bureng,32
Terekeka,Terekeka,Tindilo,Bureng,32
Terekeka,Terekeka,Tindilo,Mundari Bura,32
Terekeka,Terekeka,Tombek,Bori,32
Terekeka,Terekeka,Tombek,Swak-lee,32
Yei River,Kajo-Keji,Kangapo One,Kigwo,32
Yei River,Kajo-Keji,Kangapo One,Kiri,32
Yei River,Kajo-Keji,Kangapo One,Leikor,32
Yei River,Kajo-Keji,Kangapo One,Limi,32
Yei River,Kajo-Keji,Kangapo One,Litoba,32
Yei River,Kajo-Keji,Kangapo One,Moijo,32
Yei River,Kajo-Keji,Kangapo One,Pomoju,32
Yei River,Kajo-Keji,Kangapo One,Pomoju,32
Yei River,Kajo-Keji,Kangapo One,Sera-Jale,32
Yei River,Kajo-Keji,Kangapo One,Sera-Jale,32
Yei River,Kajo-Keji,Kangapo One,Sera-Jale,32
Yei River,Kajo-Keji,Kangapo Two,Bori,32
Yei River,Kajo-Keji,Kangapo Two,Bori,32
Yei River,Kajo-Keji,Kangapo Two,Jalimo,32
Yei River,Kajo-Keji,Kangapo Two,Jalimo,32
Yei River,Kajo-Keji,Kangapo Two,Jalimo,32
Yei River,Kajo-Keji,Kangapo Two,Kinyiba,32
Yei River,Kajo-Keji,Kangapo Two,Kinyiba,32
Yei River,Kajo-Keji,Kangapo Two,Logili,32
Yei River,Kajo-Keji,Kangapo Two,Logu,32
Yei River,Kajo-Keji,Kangapo Two,Wudu,32
Yei River,Kajo-Keji,Kangapo Two,Wudu,32
Yei River,Kajo-Keji,Kangapo Two,Wudu,32
Yei River,Kajo-Keji,Kangapo Two,Wudu,32
Yei River,Kajo-Keji,Lire,Kudaji,32
Yei River,Kajo-Keji,Lire,Likamerok,32
Yei River,Kajo-Keji,Lire,Likamerok,32
Yei River,Kajo-Keji,Lire,Likamerok,32
Yei River,Kajo-Keji,Lire,Longira,32
Yei River,Kajo-Keji,Lire,Mekir,32
Yei River,Kajo-Keji,Lire,Mere,32
Yei River,Kajo-Keji,Lire,Romogi,32
Yei River,Kajo-Keji,Liwolo,Ajio,32
Yei River,Kajo-Keji,Liwolo,Ajio,32
Yei River,Kajo-Keji,Liwolo,Ajio,32
Yei River,Kajo-Keji,Liwolo,Kala,32
Yei River,Kajo-Keji,Liwolo,Kerwa,32
Yei River,Kajo-Keji,Liwolo,Kerwa,32
Yei River,Kajo-Keji,Liwolo,Kerwa,32
Yei River,Kajo-Keji,Liwolo,Mangalatore,32
Yei River,Kajo-Keji,Liwolo,Mangalatore,32
Yei River,Kajo-Keji,Liwolo,Sokare,32
Yei River,Kajo-Keji,Liwolo,Sokare,32
Yei River,Kajo-Keji,Nyepo,Gederu,32
Yei River,Kajo-Keji,Nyepo,Gederu,32
Yei River,Kajo-Keji,Nyepo,Kansuk,32
Yei River,Kajo-Keji,Nyepo,Kansuk,32
Yei River,Kajo-Keji,Nyepo,Lori,32
Yei River,Kajo-Keji,Nyepo,Rodo,32
Yei River,Lainya,Kenyi,Kenyi Centre,32
Yei River,Lainya,Kenyi,Kenyi Centre,32
Yei River,Lainya,Kenyi,Kenyi Centre,32
Yei River,Lainya,Kenyi,Limbe,32
Yei River,Lainya,Kenyi,Loka West,32
Yei River,Lainya,Kenyi,Loka West,32
Yei River,Lainya,Kupera,Korobe,32
Yei River,Lainya,Kupera,Korobe,32
Yei River,Lainya,Kupera,Korobe,32
Yei River,Lainya,Kupera,Kupera,32
Yei River,Lainya,Kupera,Kupera,32
Yei River,Lainya,Kupera,Kupera,32
Yei River,Lainya,Kupera,Mundu,32
Yei River,Lainya,Lainya,Bereka,32
Yei River,Lainya,Lainya,Bereka,32
Yei River,Lainya,Lainya,Logwili,32
Yei River,Lainya,Lainya,Logwili,32
Yei River,Lainya,Lainya,Logwili,32
Yei River,Lainya,Lainya,Lokurubang,32
Yei River,Lainya,Lainya,Lokurubang,32
Yei River,Lainya,Lainya,Lokurubang,32
Yei River,Lainya,Mukaya,Biri,32
Yei River,Lainya,Mukaya,Biri,32
Yei River,Lainya,Mukaya,Dimu One,32
Yei River,Lainya,Mukaya,Dimu One,32
Yei River,Lainya,Mukaya,Lorega,32
Yei River,Lainya,Wuji,Dongoro,32
Yei River,Lainya,Wuji,Dongoro,32
Yei River,Lainya,Wuji,Dongoro,32
Yei River,Lainya,Wuji,Koyoki,32
Yei River,Lainya,Wuji,Koyoki,32
Yei River,Lainya,Wuji,Koyoki,32
Yei River,Lainya,Wuji,Wuji Centre,32
Yei River,Morobo,Gulumbi,Kendila,32
Yei River,Morobo,Gulumbi,Kili-kili,32
Yei River,Morobo,Gulumbi,Kindi,32
Yei River,Morobo,Kimba,Kaya,32
Yei River,Morobo,Kimba,Kimba Centre,32
Yei River,Morobo,Kimba,Yondu,32
Yei River,Morobo,Lujulo,Kembe,32
Yei River,Morobo,Lujulo,Kendre,32
Yei River,Morobo,Lujulo,Yugufe,32
Yei River,Morobo,Panyume,Panyume Centre,32
Yei River,Morobo,Panyume,Yaribe,32
Yei River,Morobo,Wudabi,Aloto,32
Yei River,Morobo,Wudabi,Geri,32
Yei River,Morobo,Wudabi,Geri,32
Yei River,Yei,Lasu,Asoli,32
Yei River,Yei,Lasu,Asoli,32
Yei River,Yei,Lasu,Asoli,32
Yei River,Yei,Lasu,Lasu Centre,32
Yei River,Yei,Lasu,Lasu Centre,32
Yei River,Yei,Lasu,Tokori,32
Yei River,Yei,Lasu,Tokori,32
Yei River,Yei,Mugwo,Jombu,32
Yei River,Yei,Mugwo,Longamere,32
Yei River,Yei,Mugwo,Longamere,32
Yei River,Yei,Mugwo,Payawa,32
Yei River,Yei,Mugwo,Yari,32
Yei River,Yei,Otogo,Goja,32
Yei River,Yei,Otogo,Goja,32
Yei River,Yei,Otogo,Goja,32
Yei River,Yei,Otogo,Logo,32
Yei River,Yei,Otogo,Mongo,32
Yei River,Yei,Otogo,Mongo,32
Yei River,Yei,Otogo,Ombasi,32
Yei River,Yei,Otogo,Ombasi,32
Yei River,Yei,Otogo,Wotogo,32
Yei River,Yei,Otogo,Wotogo,32
Yei River,Yei,Tore,Adio,32
Yei River,Yei,Tore,Adio,32
Yei River,Yei,Tore,Avokaya,32
Yei River,Yei,Tore,Avokaya,32
Yei River,Yei,Tore,Baka,32
Yei River,Yei,Tore,Mundu,32
Yei River,Yei,Tore,Mundu,32
Yei River,Yei,Yei Town,Gimunu,32
Yei River,Yei,Yei Town,Gimunu,32
Yei River,Yei,Yei Town,Hai Sobe Zone,32
Yei River,Yei,Yei Town,Jigomoni,32
Yei River,Yei,Yei Town,Jigomoni,32
Yei River,Yei,Yei Town,Jonsuk Zone,32
Yei River,Yei,Yei Town,Minyori,32
Yei River,Yei,Yei Town,Pakula,32
Yei River,Yei,Yei Town,Ronyi,32
Yei River,Yei,Yei Town,Ronyi,32
Imatong,Ikotos,Hatire,Gilo,33
Imatong,Ikotos,Hatire,Hatire,33
Imatong,Ikotos,Hatire,Imilai,33
Imatong,Ikotos,Ikotos,Huma,33
Imatong,Ikotos,Ikotos,Ikotos,33
Imatong,Ikotos,Ikotos,Ikotos,33
Imatong,Ikotos,Ikotos,Ngutube,33
Imatong,Ikotos,Ikotos,Tseretenya,33
Imatong,Ikotos,Imotong,Geria,33
Imatong,Ikotos,Imotong,Hiniso,33
Imatong,Ikotos,Imotong,Hiniso,33
Imatong,Ikotos,Imotong,Ifosi,33
Imatong,Ikotos,Imotong,Ingoi,33
Imatong,Ikotos,Imotong,Lomuceny,33
Imatong,Ikotos,Lomohidang North,Chahari,33
Imatong,Ikotos,Lomohidang North,Chahari,33
Imatong,Ikotos,Lomohidang North,Isoke,33
Imatong,Ikotos,Lomohidang North,Isoke,33
Imatong,Ikotos,Lomohidang North,Mangala,33
Imatong,Ikotos,Lomohidang South,Chorokol,33
Imatong,Ikotos,Lomohidang South,Chorokol,33
Imatong,Ikotos,Lomohidang South,Lodwara,33
Imatong,Ikotos,Lomohidang South,Okorohore,33
Imatong,Ikotos,Lomohidang South,Ramula,33
Imatong,Ikotos,Losite,Lopus,33
Imatong,Ikotos,Losite,Lopus,33
Imatong,Ikotos,Losite,Lotome,33
Imatong,Ikotos,Losite,Nakoringole,33
Imatong,Ikotos,Losite,Namarati,33
Imatong,Ikotos,Losite,Napeyasi,33
Imatong,Lafon/Lopa,Arihilo,Dorik,33
Imatong,Lafon/Lopa,Arihilo,Tentet,33
Imatong,Lafon/Lopa,Arihilo,Tentet,33
Imatong,Lafon/Lopa,Burgilo,Lafon,33
Imatong,Lafon/Lopa,Burgilo,Lafon,33
Imatong,Lafon/Lopa,Burgilo,Taar,33
Imatong,Lafon/Lopa,Burgilo,Wipuboi,33
Imatong,Lafon/Lopa,Imehejek,Ihirang,33
Imatong,Lafon/Lopa,Imehejek,Mura-Lopit,33
Imatong,Lafon/Lopa,Kurumi,Adeba,33
Imatong,Lafon/Lopa,Kurumi,Kuji,33
Imatong,Lafon/Lopa,Kurumi,Ugwil,33
Imatong,Lafon/Lopa,Kurumi,Ugwil,33
Imatong,Lafon/Lopa,Lohutok,Iboni,33
Imatong,Lafon/Lopa,Lohutok,Iboni,33
Imatong,Lafon/Lopa,Lohutok,Iboni,33
Imatong,Lafon/Lopa,Lohutok,Iboni,33
Imatong,Lafon/Lopa,Lohutok,Iboni,33
Imatong,Lafon/Lopa,Lohutok,Lohutok,33
Imatong,Lafon/Lopa,Lohutok,Lohutok,33
Imatong,Lafon/Lopa,Lohutok,Loming,33
Imatong,Lafon/Lopa,Lohutok,Mura-Lolongo,33
Imatong,Lafon/Lopa,Longiro,Idali,33
Imatong,Lafon/Lopa,Longiro,Idali,33
Imatong,Lafon/Lopa,Longiro,Longiro,33
Imatong,Lafon/Lopa,Longiro,Ngaboli,33
Imatong,Lafon/Lopa,Marguna,Amiru,33
Imatong,Lafon/Lopa,Marguna,Bwodo,33
Imatong,Lafon/Lopa,Marguna,Ukwanya,33
Imatong,Lafon/Lopa,Marguna,Ukwanya,33
Imatong,Lafon/Lopa,Pachidi,Lwalla,33
Imatong,Lafon/Lopa,Pachidi,Lwalla,33
Imatong,Lafon/Lopa,Pachidi,Upuo,33
Imatong,Lafon/Lopa,Pachidi,Upuo,33
Imatong,Magwi,Lobone,Isore,33
Imatong,Magwi,Lobone,Lobone I,33
Imatong,Magwi,Lobone,Lobone II,33
Imatong,Magwi,Lobone,Lobone III,33
Imatong,Magwi,Magwi,Agoro,33
Imatong,Magwi,Magwi,Agoro,33
Imatong,Magwi,Magwi,Agoro,33
Imatong,Magwi,Magwi,Lofirha,33
Imatong,Magwi,Magwi,Magwi,33
Imatong,Magwi,Magwi,Magwi,33
Imatong,Magwi,Magwi,Magwi,33
Imatong,Magwi,Magwi,Obbo,33
Imatong,Magwi,Magwi,Obbo,33
Imatong,Magwi,Magwi,Palotaka,33
Imatong,Magwi,Magwi,Panyikwara,33
Imatong,Magwi,Magwi,Panyikwara,33
Imatong,Magwi,Magwi,Panyikwara,33
Imatong,Magwi,Magwi,Panyikwara,33
Imatong,Magwi,Mugali,Longu,33
Imatong,Magwi,Mugali,Longu,33
Imatong,Magwi,Mugali,Masindi,33
Imatong,Magwi,Mugali,Masindi,33
Imatong,Magwi,Mugali,Masindi,33
Imatong,Magwi,Mugali,Masindi,33
Imatong,Magwi,Mugali,Mugali,33
Imatong,Magwi,Nimule,Abila,33
Imatong,Magwi,Nimule,Anzara,33
Imatong,Magwi,Nimule,Anzara,33
Imatong,Magwi,Nimule,Nimule,33
Imatong,Magwi,Pageri,Kerepi,33
Imatong,Magwi,Pageri,Kerepi,33
Imatong,Magwi,Pageri,Loa,33
Imatong,Magwi,Pageri,Loa,33
Imatong,Magwi,Pageri,Loa,33
Imatong,Magwi,Pageri,Loa,33
Imatong,Magwi,Pageri,Loa,33
Imatong,Magwi,Pageri,Moli,33
Imatong,Magwi,Pageri,Moli,33
Imatong,Magwi,Pageri,Moli,33
Imatong,Magwi,Pageri,Opari,33
Imatong,Magwi,Pageri,Owiny-Kibul,33
Imatong,Magwi,Pageri,Owiny-Kibul,33
Imatong,Magwi,Pageri,Pageri,33
Imatong,Magwi,Pageri,Pageri,33
Imatong,Magwi,Pageri,Pageri,33
Imatong,Magwi,Pajok,Pajok,33
Imatong,Magwi,Pajok,Pajok,33
Imatong,Magwi,Pajok,Pogee,33
Imatong,Magwi,Pajok,Pogee,33
Imatong,Magwi,Pajok,Pogee,33
Imatong,Magwi,Pajok,Pogee,33
Imatong,Torit,Bur,Autak,33
Imatong,Torit,Bur,Autak,33
Imatong,Torit,Bur,Bolore,33
Imatong,Torit,Bur,Bolore,33
Imatong,Torit,Bur,Loronyo,33
Imatong,Torit,Bur,Loudo,33
Imatong,Torit,Bur,Loudo,33
Imatong,Torit,Himodonge,Hileu,33
Imatong,Torit,Himodonge,Hileu,33
Imatong,Torit,Himodonge,Imilai,33
Imatong,Torit,Hiyala,Imatari,33
Imatong,Torit,Hiyala,Imatari,33
Imatong,Torit,Hiyala,Imatari,33
Imatong,Torit,Hiyala,Imatari,33
Imatong,Torit,Hiyala,Mura-Hatika,33
Imatong,Torit,Hiyala,Mura-Hatika,33
Imatong,Torit,Hiyala,Mura-Hatika,33
Imatong,Torit,Hiyala,Nyibira,33
Imatong,Torit,Hiyala,Nyibira,33
Imatong,Torit,Hiyala,Tirrangore,33
Imatong,Torit,Hiyala,Tirrangore,33
Imatong,Torit,Hiyala,Tuhubak,33
Imatong,Torit,Ifwotu,Imokoru,33
Imatong,Torit,Ifwotu,Imokoru,33
Imatong,Torit,Ifwotu,Motti,33
Imatong,Torit,Imurok,Central Imurok,33
Imatong,Torit,Imurok,Central Imurok,33
Imatong,Torit,Imurok,Chuful,33
Imatong,Torit,Imurok,Isalore,33
Imatong,Torit,Kudo,Hutala,33
Imatong,Torit,Kudo,Lofiriha,33
Imatong,Torit,Kudo,Loulang,33
Imatong,Torit,Kudo,Loulang,33
Imatong,Torit,Kudo,Lowoi North,33
Imatong,Torit,Kudo,Lowoi North,33
Imatong,Torit,Torit,Fodo-Fodo,33
Imatong,Torit,Torit,Nyong,33
Imatong,Torit,Torit,Nyong,33
Imatong,Torit,Torit,Nyong,33
Imatong,Torit,Torit,Nyong,33
Imatong,Torit,Torit,Nyong,33
Imatong,Torit,Yire,Chuful,33
Imatong,Torit,Yire,Hafai,33
Imatong,Torit,Yire,Motti,33
Imatong,Torit,Yire,Otose,33
Kapoeta,Budi,Kimotong,Tataman,33
Kapoeta,Budi,Komori,Kikilai,33
Kapoeta,Budi,Komori,Komori,33
Kapoeta,Budi,Komori,Komori,33
Kapoeta,Budi,Komori,Komori,33
Kapoeta,Budi,Komori,Lothigira,33
Kapoeta,Budi,Komori,Monita,33
Kapoeta,Budi,Loriyok,Kirongu,33
Kapoeta,Budi,Loriyok,Kirongu,33
Kapoeta,Budi,Loriyok,Ngarich,33
Kapoeta,Budi,Lotukei,Lorema,33
Kapoeta,Budi,Lotukei,Piobokoi,33
Kapoeta,Budi,Loudo,Charit,33
Kapoeta,Budi,Loudo,Charit,33
Kapoeta,Budi,Loudo,Kerewan,33
Kapoeta,Budi,Loudo,Ngatuba,33
Kapoeta,Budi,Nagishot,Kadumakuc,33
Kapoeta,Budi,Nagishot,Thuguro,33
Kapoeta,Budi,Napak,Chawa,33
Kapoeta,Budi,Nauro,Kibongorok,33
Kapoeta,Budi,Nauro,Kibongorok,33
Kapoeta,Budi,Nauro,Kilanya,33
Kapoeta,Budi,Nauro,Tulugi,33
Kapoeta,Kapoeta East,Jie,Chumameri,33
Kapoeta,Kapoeta East,Katodori,Kalokupe,33
Kapoeta,Kapoeta East,Katodori,Katodori,33
Kapoeta,Kapoeta East,Katodori,Nangatuny,33
Kapoeta,Kapoeta East,Kauto,Kuron,33
Kapoeta,Kapoeta East,Kauto,Namorpus,33
Kapoeta,Kapoeta East,Kauto,Nanyangacor,33
Kapoeta,Kapoeta East,Lotimor,Natubot,33
Kapoeta,Kapoeta East,Mogos,Lokitela,33
Kapoeta,Kapoeta East,Mogos,Moruarengan,33
Kapoeta,Kapoeta East,Narus,Kalacha,33
Kapoeta,Kapoeta East,Narus,Kaldo,33
Kapoeta,Kapoeta East,Narus,Lolim,33
Kapoeta,Kapoeta East,Narus,Naliel,33
Kapoeta,Kapoeta East,Narus,Narus,33
Kapoeta,Kapoeta East,Narus,Narus,33
Kapoeta,Kapoeta East,Narus,Narus,33
Kapoeta,Kapoeta East,Narus,Narus,33
Kapoeta,Kapoeta East,Natinga,Kabehenyang,33
Kapoeta,Kapoeta East,Natinga,Kamuto,33
Kapoeta,Kapoeta North,Chumakori,Morunyang,33
Kapoeta,Kapoeta North,Karukomuge,Kibak,33
Kapoeta,Kapoeta North,Karukomuge,Lokodei,33
Kapoeta,Kapoeta North,Karukomuge,Lokoges,33
Kapoeta,Kapoeta North,Karukomuge,Lokoges,33
Kapoeta,Kapoeta North,Karukomuge,Nabeleny-Tobok,33
Kapoeta,Kapoeta North,Karukomuge,Nakwaa,33
Kapoeta,Kapoeta North,Karukomuge,Nakwaa,33
Kapoeta,Kapoeta North,Lomeyen,Nalemusokon,33
Kapoeta,Kapoeta North,Mosingo,Lokwamor,33
Kapoeta,Kapoeta North,Mosingo,Loregai,33
Kapoeta,Kapoeta North,Mosingo,Loregai,33
Kapoeta,Kapoeta North,Najie,Nadomeit,33
Kapoeta,Kapoeta North,Najie,Nangoletirie,33
Kapoeta,Kapoeta North,Paringa,Choroi,33
Kapoeta,Kapoeta North,Paringa,Nabekerminit,33
Kapoeta,Kapoeta North,Paringa,Nabekerminit,33
Kapoeta,Kapoeta North,Paringa,Nyuda,33
Kapoeta,Kapoeta South,Kapoeta Town,Hai Tarawa,33
Kapoeta,Kapoeta South,Kapoeta Town,Nalingaro,33
Kapoeta,Kapoeta South,Longeleya,Kangatuny,33
Kapoeta,Kapoeta South,Machi I,Loming,33
Kapoeta,Kapoeta South,Machi I,Lourien,33
Kapoeta,Kapoeta South,Machi I,Napetet,33
Kapoeta,Kapoeta South,Machi I,Napetet,33
Kapoeta,Kapoeta South,Machi II,Lokwasinyon,33
Kapoeta,Kapoeta South,Machi II,Nakware,33
Kapoeta,Kapoeta South,Pwata,Nakicho,33
Kapoeta,Kapoeta South,Pwata,Napetait,33
Kapoeta,Kapoeta South,Pwata,Napetait,33
Kapoeta,Kapoeta South,Pwata,Napong,33